Clave,,,Descripción,,,,,Precio U.,Exis,Total 
L001,,,17 ALFA-HIDROXIPROGESTERONA SERICA,,,,,$400.00,0,$0.00
7.50222E+12,,,ABATELENGUAS  AMBIDERM PQTE C/25 PZS,,,,,$7.08,0,$0.00
7.50222E+12,,,ABATELENGUAS ( AMBIDERM ) C/100,,,,,$32.41,0,$0.00
7.50222E+12,,,ABATELENGUAS (AMBIDERM) C/500,,,,,$121.38,0,$0.00
1.75022E+13,,,ABATELENGUAS AMBIDERM C/20PAQUETES,,,,,$136.30,0,$0.00
7.50602E+12,,,ABATELENGUAS DE MADERA (SENSI MEDICAL),,,,,$18.75,0,$0.00
1.75013E+13,,,ABATELENGUAS PROTEC BOLSA CON 20 PAQ,,,,,$170.67,0,$0.00
66823,,,AC ANTI ANTIGENO CENTRAL DE HEPATITIS A (SCREENING) IgM,,,,,$350.00,0,$0.00
2,,,AC ANTI ANTIGENO CENTRAL DE HEPATITIS A IgM,,,,,$345.00,0,$0.00
66825,,,AC ANTI ANTIGENO CENTRAL DE HEPATITIS B IgG,,,,,$345.00,0,$0.00
L025,,,AC ANTI CARDIOLIPINAS IgG,,,,,$350.00,0,$0.00
L026,,,AC ANTI CARDIOLIPINAS IgM,,,,,$350.00,0,$0.00
28,,,AC ANTI CHLAMYDIA TRACHOMATIS IgG,,,,,$360.00,0,$0.00
29,,,AC ANTI CHLAMYDIA TRACHOMATIS IgM,,,,,$360.00,0,$0.00
41,,,AC ANTI FOSFOLIPIDOS IgM,,,,,$380.00,0,$0.00
L002,,,AC ANTI VIH 1 Y 2 / ANTIGENO P24,,,,,$300.00,0,$0.00
45,,,AC IGG HERPES EN SUERO,,,,,$330.00,0,$0.00
788,,,AC. ANTI Chlamydia trachomatis IgA/IgG/IgM,,,,,$900.00,0,$0.00
L022,,,Ac. Anti Peptido Ciclico Citrulinado IgG,,,,,$650.00,0,$0.00
9999-9,,,Ac. Anti-Hepatitis B core IgG,,,,,$560.00,0,$0.00
46,,,AC. ANTI-HERPES SIMPLEX II IGM,,,,,$330.00,0,$0.00
553,,,AC. ANTIRECEPTORES DE TSH (TRAb),,,,,"$1,400.00",0,$0.00
7.50113E+12,,,ACEITE DE GERMEN DE TRIGO /  LECITINA DE SOYA /  VITAMINAS / MINERALES ( GELCAVIT 9m) CAPSULAS 1.59G C/U,,,,,$52.33,0,$0.00
7.50201E+12,,,ACEITE DE SOYA / CARBONATO DE CALCIO / HIERRO / MULTIVITAMINICO ( SOLOTARE 9 M ) CAPS 1200G C/U C/30,,,,,$84.18,0,$0.00
7.50223E+12,,,ACEMETACINA LP ( RASLACOF-X)  CAP 90MG C/14,,,,,$54.39,0,$0.00
7.50221E+12,,,ACETILCISTEINA ( LYSOMUCIL ) TAB 600MG C/20,,,,,$228.78,0,$0.00
7.50126E+12,,,ACETILCISTEINA ( MURREOLAK ) C/10 TAB EFE,,,,,$129.41,0,$0.00
7.50222E+12,,,ACETILCISTEÍNA 600 MG ( ACC ) TABLETA  EFERVECENTES,,,,,$244.94,0,$0.00
7.502E+12,,,ACETONIDO DE FLUOCINOLONA / CLIOQUINOL ( CORTILONA COMP ) CREMA 0.01G/3.00G/100G TBO 30GR,,,,,$41.09,0,$0.00
7.50175E+12,,,"ACETONIDO DE FLUOCINOLONA / METRONIDAZOL / NISTATINA ( ACENIL ) OVULOS 100,000U C/10",,,,,$45.92,0,$0.00
7.50221E+12,,,ACETONIDO DE FLUOCINOLONA/METRONIDAZOL/NISTATINA OVULOS ( LOEFFLER ) OVULOS C/10,,,,,$49.04,0,$0.00
7.85119E+11,,,ACICLOVIR ( LESACLOR ) CREMA 5% TUBO C/5 G,,,,,$16.99,0,$0.00
7.85119E+11,,,ACICLOVIR ( LESACLOR ) SUSPENSION 200MG / 5ML C/125ML,,,,,$42.63,4,$170.52
7.85121E+11,,,ACICLOVIR ( LESACLOR ) TAB 400MG C/35,,,,,$72.49,5,$362.45
7.50135E+12,,,ACICLOVIR (AMSA) TABLETAS 400 MG C/35,,,,,$67.02,0,$0.00
7.50184E+12,,,ACICLOVIR CREMA 0.5% (VIRESTAT),,,,,$20.46,0,$0.00
7.50109E+12,,,ACIDO  ASCORBICO FOLICO VIT E B12( AUTRIN 600 ) TABLETAS,,,,,$455.83,0,$0.00
7.502E+12,,,ÁCIDO ACETILSALICÍLICO ( ASPITAK-P ) TAB 100MG c/30,,,,,$19.76,10,$197.60
7.50183E+12,,,ACIDO ACETILSALICILICO ( MIDOLEN ) TAB 500MG C/30,,,,,$22.15,0,$0.00
75017125,,,ACIDO ACETILSALICILICO (ANTACSAL) TAB 500 MG,,,,,$8.62,10,$86.20
7.50223E+12,,,ACIDO ACETILSALICILICO (PRASRAAM) 100 MG C/28 TAB,,,,,$26.32,0,$0.00
7.50135E+12,,,ACIDO ALENDRONICO ( AMSA ) 70MG C/4 TAB.,,,,,$27.76,5,$138.80
7.50201E+12,,,ACIDO ASCORBICO ( ANIMALIN ) VITAMINA C INFANTIL 75 GOMITAS,,,,,$46.32,3,$138.96
7.50318E+12,,,ACIDO ASCORBICO ( C-KIDS ) TABLETA MASTICABLE 800MG C/30,,,,,$43.22,0,$0.00
7.50302E+12,,,ACIDO ASCORBICO ( C-VYM ) 300MG CAJA C/10 SOBRES DE 9.0g C/U,,,,,$79.09,3,$237.27
7.50302E+12,,,"ACIDO ASCORBICO ( C-VYM ) TABLETAS MASTICABLES 300MG, 200MG. C/30",,,,,$59.98,5,$299.90
7.50302E+12,,,"ACIDO ASCORBICO ( C-VYM CERO AZUCAR )  SOBRES 300MG, 200MG. C/10 SOBRES DE 9.0g c/u",,,,,$78.40,9,$705.60
7.50301E+12,,,ACIDO ASCORBICO ( DANI-C ) VITAMINA C TABLETAS INFANTIL 100MG,,,,,$27.57,0,$0.00
7.50148E+12,,,ACIDO ASCORBICO (VITAE ) TABLETA 100.70 MG C/90,,,,,$59.55,0,$0.00
7.50226E+12,,,ACIDO ASCORBICO (XTRA C) VITAMINA C C/50 GOMITAS,,,,,$74.55,0,$0.00
L000,,,ACIDO FOLICO,,,,,$270.00,0,$0.00
7.50148E+12,,,ACIDO FOLICO / DHA ( VITAFOLE ) TABLETA 180MG C/90,,,,,$14.71,8,$117.68
7.50201E+12,,,ACIDO FUSIDICO / BETAMETASONA ( KURTOSIL ) CREMA 20MG-1MG TUBO C/15G,,,,,$60.09,3,$180.27
7.50108E+12,,,ACIDO MEFENAMICO ( NAMIFEN ) TABLETA 500 MG C/20,,,,,$22.26,0,$0.00
L003,,,ACIDO URICO,,,,,$40.00,0,$0.00
L005,,,ACIDO URICO EN ORINA DE 24 HRS,,,,,$80.00,0,$0.00
L004,,,ACIDO VALPROICO,,,,,$320.00,0,$0.00
L007,,,ACIDO VANILMANDELICO EN ORINA 24HRS,,,,,$510.00,0,$0.00
7.50103E+12,,,ADEMETIONINA ( SAMYR ) 500 MG TABLETA,,,,,"$1,622.64",0,$0.00
7.50053E+12,,,AGUA 1 LITRO,,,,,$4.09,0,$0.00
7.50053E+12,,,AGUA 500ML,,,,,$2.13,0,$0.00
7.50053E+12,,,AGUA ALCALINA 1 LTO,,,,,$15.00,0,$0.00
7.58104E+11,,,AGUA BONAFONT 500ML,,,,,$3.00,0,$0.00
210498,,,AGUA DESTILADA 20 LTS,,,,,$311.81,0,$0.00
7.50113E+12,,,AGUA INYECTABLE 500 ML,,,,,$40.47,0,$0.00
7.50105E+12,,,AGUA INYECTABLE ALPHA (KABIPAC) SOLUCION 500,,,,,$17.87,0,$0.00
SL04-06,,,AGUA INYECTABLE AMPOLLETA 5ML PISA,,,,,$7.15,0,$0.00
7.50105E+12,,,AGUA OXIGENADA,,,,,$10.51,0,$0.00
7.50105E+12,,,AGUA OXIGENADA,,,,,$10.00,18,$180.00
7.50105E+12,,,AGUA OXIGENADA,,,,,$18.46,5,$92.30
7.59684E+11,,,AGUA OXIGENADA ( JALOMA )SOL AL 3% C/112ML,,,,,$6.74,0,$0.00
7.59684E+11,,,AGUA OXIGENADA ( JALOMA )SOL AL 3% C/224ML,,,,,$14.72,0,$0.00
7.50105E+12,,,AGUA OXIGENADA 2.5 A 3.5%  100ML,,,,,$6.39,0,$0.00
79684315053,,,AGUA OXIGENADA 56 ML (JALOMA) SOL AL 3%,,,,,$6.12,0,$0.00
7.59684E+11,,,AGUA OXIGENADA 56 ML JALOMA,,,,,$5.28,0,$0.00
7.50602E+12,,,AGUJA HIPODERMICA 18G X 32 MM (ROSA),,,,,$0.65,2200,"$1,430.00"
7.50602E+12,,,AGUJA HIPODERMICA 20G X 38 MM,,,,,$0.58,0,$0.00
7.50602E+12,,,AGUJA HIPODERMICA 21 X 32 MM,,,,,$0.59,0,$0.00
7.50602E+12,,,AGUJAS HIPODERMICAS 22G X 32MM,,,,,$0.59,0,$0.00
7.50602E+12,,,AGUJAS HOPODERMICAS CALIBRE 27 G X 13 MM,,,,,$0.55,0,$0.00
7.50154E+12,,,ALBENDAZOL ( BRUZOL ) SUSPENSION 2G/100ML C/20ML,,,,,$9.05,0,$0.00
7.50155E+12,,,ALBENDAZOL ( VERMIN PLUS )6 TABLETAS 200MG,,,,,$14.84,0,$0.00
7.50108E+12,,,ALBENDAZOL ( VERMISEN ) TABLETAS 200MG C/6,,,,,$12.61,0,$0.00
75006471,,,ALBENDAZOL (VERMISEN) SUSPENSION 20 ML/400MG,,,,,$6.29,0,$0.00
L006,,,ALBUMINA,,,,,$45.00,0,$0.00
L009,,,ALBUMINA EN ORINA 24 HRS,,,,,$80.00,0,$0.00
7.50105E+12,,,ALCOHOL 110ML,,,,,$9.35,0,$0.00
7.50119E+12,,,ALCOHOL DALUX 1000 ML,,,,,$52.20,0,$0.00
L011,,,ALCOHOL EN ORINA,,,,,$250.00,0,$0.00
7.503E+12,,,ALCOHOL ETILICO ( CAÑITAS ) 70%   CONT. 920ML,,,,,$44.08,0,$0.00
7.50105E+12,,,ALCOHOL ETILICO ( PROTEC ) 1000ML,,,,,$56.42,2,$112.84
7.59684E+11,,,ALCOHOL ETILICO 1000 ML (JALOMA),,,,,$67.96,11,$747.56
7.50119E+12,,,alcohol etilico 250ml.(dalux),,,,,$14.37,0,$0.00
7.503E+12,,,ALCOHOL ETILICO 920 ML (CAÑITAS),,,,,$44.08,0,$0.00
L010,,,ALCOHOL ETILICO EN SUERO,,,,,$250.00,0,$0.00
75968431160,,,ALCOHOL JALOMA 1000ML,,,,,$66.40,0,$0.00
L012,,,ALDOLASA,,,,,$270.00,0,$0.00
L013,,,ALDOSTERONA,,,,,$600.00,0,$0.00
7.503E+12,,,ALFA CETOANALOGOS ( SOMERAL ) 100 TABLETAS 666.05GR,,,,,$675.29,0,$0.00
1.75011E+13,,,ALFA CETOANALOGOS DE AMINOACIDOS ( KETOSTERIL ) C/100TABLETAS 630MG,,,,,"$1,091.95",0,$0.00
7.50109E+12,,,ALFA CETOANALOGOS DE AMINOACIDOS (CETOLAN) TABLETAS 630 MG C/100 TABLETAS,,,,,"$1,377.81",0,$0.00
7.50135E+12,,,ALFA CETOANALOGOS DE AMINOACIDOS 630MG (AMSA),,,,,$617.53,0,$0.00
L0007,,,ALFAFETOPROTEINA EN SUERO,,,,,$300.00,0,$0.00
7.59684E+11,,,ALGODON ABSORBENTE PLISADO ( JALOMA ) BOLSA C/50 G,,,,,$11.09,0,$0.00
gt0285721'23,,,ALGODON GALIA,,,,,$87.53,0,$0.00
7.503E+12,,,ALGODON PLISADO NO ESTERULIZADO ( QUIRUMEX ) 25 G,,,,,$5.44,0,$0.00
7.50602E+12,,,ALGODON TORUNDA ( SENSI MEDICAL ) 500 G,,,,,$97.74,0,$0.00
7.50223E+12,,,ALOPURINOL (  ARRAMPLOR ) C/20 TAB 300MG,,,,,$20.90,0,$0.00
7.50156E+12,,,ALOPURINOL ( BIORESEARCH ) TAB 300MG C/20,,,,,$24.14,0,$0.00
7.50156E+12,,,ALOPURINOL (BIONOL) TAB 300mg,,,,,$23.20,0,$0.00
7.50154E+12,,,ALOPURINOL (PURIBEL 300) 300MG C/20TAB,,,,,$25.69,0,$0.00
7.50221E+12,,,ALOPURINOL 300MG 20 TAB (PURIBEL),,,,,$18.91,0,$0.00
7.50138E+12,,,ALOPURINOL 300MG C/20TAB,,,,,$21.60,0,$0.00
7.50111E+12,,,ALUMINIO / MAGNESIO / DIMETICONA ( ALKAGEL COMPLEX ) SUSPENSION 4G - 4G,,,,,$24.90,0,$0.00
7.50183E+12,,,ALUMINIO / MAGNESIO / METOCLOPRAMIDA / DIMETICONA ( ESPRADEN ) C / 30 TAB,,,,,$41.51,5,$207.55
7.502E+12,,,AMANTADINA / CLORFENAMINA / PARACETAMOL ( AMPAMIL )  JBE 0.50G/0.02G/3.00G 60ML,,,,,$18.11,0,$0.00
7.50109E+12,,,AMANTADINA / CLORFENAMINA / PARACETAMOL ( ANTIFLU-DES JR ) JARABE INF  0.500 G / 0.020 G / 3.000 / 100 ML C/60ML,,,,,$71.08,0,$0.00
7.50109E+12,,,AMANTADINA / CLORFENAMINA / PARACETAMOL ( ANTIFLUDES ) SOLUCION PED 2.5G/0.10G/15G  C/30ML,,,,,$80.20,0,$0.00
7.5013E+12,,,AMANTADINA / CLORFENAMINA / PARACETAMOL ( DEPLES ) SOL.2.50G/0.10G/15.00G/100ML C/30ML,,,,,$49.82,0,$0.00
7.50223E+12,,,AMANTADINA / CLORFENAMINA / PARACETAMOL ( FROSDEM ) CAPSULAS 300MG/50MG/3MG C/24,,,,,$18.62,0,$0.00
7.50201E+12,,,"AMANTADINA / CLORFENAMINA / PARACETAMOL ( MAVER ) JARABE  0.50G, 0.02G, 3G / 100ML",,,,,$17.40,0,$0.00
7.503E+12,,,AMANTADINA / CLORFENAMINA / PARACETAMOL ( ROSEL-T) TABLETA 50MG/3MG/300MG C/15,,,,,$17.50,0,$0.00
7.50201E+12,,,"AMANTADINA / CLORFENAMINA / PARACETAMOL ( VERIGRIN F ) JARABE INFANTIL .50G,.02G, 3.00G/ 100ML",,,,,$21.47,0,$0.00
7.50201E+12,,,AMANTADINA / CLORFENAMINA / PARACETAMOL ( VERIGRIN F ) SOLUCION PED 2.5G - 0.1G - 15G C/30,,,,,$19.77,0,$0.00
7.503E+12,,,AMANTADINA / CLORFENAMINA / PARACETAMOL (ROSEL) CAPS C/24,,,,,$23.60,0,$0.00
7.50221E+12,,,AMBROXOL ( BROXOFFLER ) SOLUCION 120 ML,,,,,$18.57,0,$0.00
7.50157E+12,,,AMBROXOL ( CLOXAN ) TABLETAS 30 MG,,,,,$8.55,0,$0.00
7.50183E+12,,,AMBROXOL ( EBROMIN ) SOLUCION 15 MG/ 5ML FRASCO 120 ML,,,,,$18.92,0,$0.00
7.50221E+12,,,AMBROXOL ( LOEFLER ) SOLUCION 2.5ML / 77.5MG C/120ML,,,,,$12.29,0,$0.00
7.50154E+12,,,AMBROXOL ( OXOLVAN ) TAB 30MG C/20,,,,,$9.84,0,$0.00
7.503E+12,,,AMBROXOL ( VIAXOL ) SOLUCION PED 7.5MG C/30 ML,,,,,$8.94,0,$0.00
7.5013E+12,,,AMBROXOL (PHARMAGEN) GOTAS PEDIATRICAS 0.75 MG C/30 ML,,,,,$18.64,0,$0.00
7.50157E+12,,,AMBROXOL / DEXTRMETORFANO (BROXTORFAN) SOL. ADULTO 225MG/100ML,,,,,$14.60,0,$0.00
7.50223E+12,,,AMBROXOL / DEXTROMETORFANO ( ADMIDOXIL ) CAPSULAS 22.5MG/ 22.5MG C/10,,,,,$24.43,0,$0.00
7.502E+12,,,AMBROXOL / DEXTROMETORFANO ( BROGAL ) JARABE INFANTIL 150MG/113 MG/100ML C/120ML,,,,,$27.75,0,$0.00
7.502E+12,,,AMBROXOL / DEXTROMETORFANO ( BROGAL T ) SOLUCION ADULTO 225MG/225MG/100ML C/120ML,,,,,$18.91,0,$0.00
7.50157E+12,,,AMBROXOL / DEXTROMETORFANO ( BROXTORFAN ) JARABE 113 MG/ 150 MG/ 100 ML C/120ML,,,,,$17.30,0,$0.00
7.50201E+12,,,AMBROXOL / DEXTROMETORFANO ( COBADEX  ) SOLUCION PEDIATRICO 400MG/ 400MG/ 100ML C/30ML,,,,,$8.70,0,$0.00
7.50201E+12,,,AMBROXOL / DEXTROMETORFANO ( COBADEX ) SOLUCION ADULTO 225MG - 225MG /100ML,,,,,$23.09,0,$0.00
7.50201E+12,,,"AMBROXOL / DEXTROMETORFANO ( COBADEX ) SOLUCION INFANTIL 150MG, 113MG/100ML C/120ML",,,,,$17.24,0,$0.00
7.50183E+12,,,AMBROXOL / DEXTROMETORFANO ( DEGORQUIN ) JARABE 113MG / 150 MG / 100 ML C/150ML,,,,,$36.58,0,$0.00
7.50221E+12,,,"AMBROXOL / DEXTROMETORFANO ( FARIBROX TM ) JARABE ADULTO 225MG, 225MG/100ML",,,,,$22.80,0,$0.00
7.50221E+12,,,"AMBROXOL / DEXTROMETORFANO ( FARIBROX TM INFANTIL ) JARABE 150MG , 113MG / 100ML",,,,,$7.90,2,$15.80
7.502E+12,,,AMBROXOL / LEVODROPROPIZINA ( DIZOLVIN FLUX ) SOLUCION 300MG/600MG C/120ML,,,,,$50.78,0,$0.00
7.85119E+11,,,AMBROXOL / LEVODROPROPIZINA ( SUPRATEX DAC ) SOLUCION 300MG/600MG/100ML C/120ML,,,,,$44.29,227,"$10,053.83"
7.502E+12,,,AMBROXOL / OXELADINA ( CONNEX ) JARABE ADULTO ,,,,,$35.59,0,$0.00
,,,225MG/200MG/100ML C/120ML,,,,,,,
7.50201E+12,,,AMBROXOL / OXELADINA ( SIRACUX ) JARABE ADULTO 0.200g/0.225g C/120ML,,,,,$40.83,0,$0.00
7.50201E+12,,,AMBROXOL / OXELADINA ( SIRACUX ) JARABE INFANTIL 0.100G/0.115G,,,,,$37.17,0,$0.00
7.80083E+11,,,AMBROXOL / SALBUTAMOL ( BROSOFLUX ) JARABE 150MG/40MG C/120ML,,,,,$20.22,0,$0.00
7.50201E+12,,,AMBROXOL / SALBUTAMOL ( FLUXOL ) SOLUCION 40MG/150MG/100ML C/120ml,,,,,$15.52,0,$0.00
7.503E+12,,,AMBROXOL / SALBUTAMOL ( WEXPEC ) SOLUCION  2MG-7.5 MG/ 5ML C/120ML,,,,,$14.21,0,$0.00
7.5013E+12,,,"AMBROXOL, DEXTROMETORFANO (TUSIGEN NF) 22.5/22.55 MG C/20 TAB",,,,,$53.71,5,$268.55
7.80083E+11,,,AMBROXOL/ LORATADINA ( LOVARIN EX ) FRASCO C/ 120 ML,,,,,$18.39,5,$91.95
7.50183E+12,,,AMBROXOL/SALBUTAMOL (FLUVICIL) SOLUCION 150 MG/40 MG/100 ML C/120 ML,,,,,$29.52,0,$0.00
RE01-04,,,AMBU ADULTO HUDSON 5372,,,,,$516.43,0,$0.00
L008,,,AMILASA,,,,,$80.00,0,$0.00
L017,,,AMILASA EN ORINA,,,,,$120.00,0,$0.00
L018,,,AMILASA EN ORINA DE 24 HORAS,,,,,$120.00,0,$0.00
7.50222E+12,,,AMLODIPINO  ( ULTRA ) TABLETAS 5 MG,,,,,$11.25,0,$0.00
7.50157E+12,,,AMLODIPINO ( ANGIODAL ) TABLETA 5MG C/10,,,,,$5.90,0,$0.00
7.50223E+12,,,AMLODIPINO ( PRESLOPIN ) TABLETA 5.0 MG C/10,,,,,$4.71,0,$0.00
7.50223E+12,,,AMLODIPINO ( PRESLOPIN ) TABLETAS 5.0 MG C/30,,,,,$9.29,20,$185.80
L0009,,,AMONIO EN PLASMA,,,,,$300.00,0,$0.00
7.50221E+12,,,AMOXICILINA ( DIMOPEN ) SUSPENSION 250MG/5ML C/75ML,,,,,$15.73,0,$0.00
7.80083E+11,,,AMOXICILINA ( GIMALXINA ) SUSPENSION 250MG/5ML C/75ML,,,,,$26.97,0,$0.00
7.80083E+11,,,AMOXICILINA ( GIMALXINA ) SUSPENSION 500 MG / 5 ML  C/ 75 ML,,,,,$32.58,0,$0.00
7.50201E+12,,,AMOXICILINA / AC CLAVULANICO ( CLAMOXIN ) TABLETA 500/125MG C/12,,,,,$40.23,0,$0.00
7.50221E+12,,,AMOXICILINA / AC CLAVULANICO ( CLAVIPEN ) TABLETA 500mg/125MG C/10,,,,,$36.40,0,$0.00
7.80083E+11,,,AMOXICILINA / AC CLAVULANICO ( GIMACLAV ) SUSPENSION 400MG  C/50ML,,,,,$14.88,0,$0.00
7.80083E+11,,,AMOXICILINA / AC CLAVULANICO ( GIMACLAV ) TABLETA 500/125MG C/15,,,,,$47.00,0,$0.00
7.80083E+11,,,AMOXICILINA / AC CLAVULANICO ( GIMACLAV ) TABLETA 500mg/125MG C/10,,,,,$41.46,0,$0.00
7.503E+12,,,AMOXICILINA / AC. CLAVUANICO ( VALCLAN ) SUSP. PEDIATRICA 200 MG - 28.5 / 5 ML C/40 ML,,,,,$18.42,0,$0.00
7.50201E+12,,,AMOXICILINA / AC. CLAVULANICO (CLAMOXIN) SOL PEDIATRICA 200MG/28.5MG/5ML C/40ML,,,,,$24.67,0,$0.00
7.50201E+12,,,AMOXICILINA / AC. CLAVULANICO 500/125 MG C/16 TABS (CLAMOXIN),,,,,$54.44,0,$0.00
7.50201E+12,,,AMOXICILINA / ACIDO CLAVULANICO ( CLAMOXIN ) TABLETAS 500MG/125MG C/10,,,,,$43.68,40,"$1,747.20"
7.50201E+12,,,AMOXICILINA / ACIDO CLAVULANICO ( CLAMOXIN 12 H ) TABS 875 MG /125 MG C/14,,,,,$59.77,0,$0.00
7.50201E+12,,,AMOXICILINA / ACIDO CLAVULANICO ( CLAMOXÍN 12H JUNIOR ) SUSPENSIÓN 400MG/57MG/5ML C/50ML,,,,,$37.26,0,$0.00
7.50201E+12,,,AMOXICILINA / ACIDO CLAVULANICO ( CLAMOXIN 250 )  SUSPENSION 250MG/62.5MG/5ML C/60ML,,,,,$28.74,0,$0.00
7.50221E+12,,,AMOXICILINA / ACIDO CLAVULANICO ( CLAVIPEN ) SUSPENSION ,,,,,$27.53,0,$0.00
,,,250MG-5ML C/60ML,,,,,,,
7.50221E+12,,,AMOXICILINA / ACIDO CLAVULANICO ( CLAVIPEN ) TABLETAS 500MG/125MG C/15,,,,,$51.48,0,$0.00
7.80083E+11,,,AMOXICILINA / ACIDO CLAVULANICO ( GIMACLAV ) SUSPENSION 250MG C/60ML,,,,,$20.25,0,$0.00
7.80083E+11,,,AMOXICILINA / ACIDO CLAVULANICO ( GIMACLAV ) TAB 875 MG / 125 MG C/10,,,,,$43.82,0,$0.00
7.503E+12,,,AMOXICILINA / ACIDO CLAVULANICO ( VALCLAN ) SUSPENSIÓN 250MG -62.5MG / 5ML C/60ML,,,,,$41.97,0,$0.00
7.503E+12,,,AMOXICILINA / ACIDO CLAVULANICO ( VALCLAN ) SUSPENSIÓN 400MG -57MG / 5ML C/60ML,,,,,$38.71,0,$0.00
7.503E+12,,,AMOXICILINA / ACIDO CLAVULANICO ( VALCLAN ) TAB 500MG / 125 MG C/16,,,,,$39.33,0,$0.00
7.503E+12,,,AMOXICILINA / ACIDO CLAVULANICO ( VALCLAN ) TABLETA 500MG / 125MG C/10,,,,,$34.61,0,$0.00
7.50201E+12,,,AMOXICILINA / ACIDO CLAVULANICO (CLAMOXIN 12 H )TABELTAS 875 MG -125 MG,,,,,$54.65,36,"$1,967.40"
7.503E+12,,,AMOXICILINA / ACIDO CLAVULANICO 875 MG / 125 MG ( VALCLAN ) C / 10 TABLETAS,,,,,$46.97,0,$0.00
7.50201E+12,,,AMOXICILINA / ACIDOCLAVULANICO ( CLAMOXIN ) SUSPENSION INF 125 MG - 31.25 MG/ 5 ML C/60ML,,,,,$21.24,0,$0.00
7.503E+12,,,AMOXICILINA / AMBROXOL ( VANMOXOL ) SUSPENSION 250 MG / 15 MG / 5 ML C / 90 ML,,,,,$15.28,0,$0.00
7.50135E+12,,,AMOXICILINA /ACIDO CLAVULANICO 200 MG / 28.57 MG / 5 ML SUSP (AMSA),,,,,$23.59,0,$0.00
7.50223E+12,,,AMOXICILINA 500MG (MOXPHARMA) C/12 CAP,,,,,$22.79,0,$0.00
7.50221E+12,,,AMOXICILINA/ACIDO CLAVULANICO  ( CLAVIPEN 12 H ) TAB 125 MG / 875 C/10,,,,,$50.00,0,$0.00
7.80083E+11,,,AMPICILINA / METAMIZOL / GUAIFENESINA / LIDOCAINA / CLORFENAMINA ( AMPIGRIN ) INFANTIL  SOL. INY. 250MG C/3,,,,,$64.12,8,$512.96
7.80083E+11,,,AMPICILINA / METAMIZOL / GUAIFENESINA / LIDOCAINA / CLORFENAMINA ( AMPIGRIN )ADULTO  SOL. INY. 500MG C/3,,,,,$70.59,0,$0.00
7.502E+12,,,AMPICILINA / METAMIZOL / GUAIFENESINA / LIDOCAINA /CLORFENAMINA ( LAUR ) INYECTABLE 500 MG / 500 MG / 100 MG / 30 MG / 4 MG,,,,,$56.32,0,$0.00
L020,,,ANDROSTENEDIONA,,,,,$240.00,0,$0.00
6682492,,,ANTICOAGULANTE LUPICO,,,,,$600.00,0,$0.00
1579,,,ANTICUERPO ANTI NUCLEARES,,,,,$350.00,0,$0.00
64,,,ANTICUERPOS ANTI TIROGLOBULINA,,,,,$410.00,0,$0.00
31,,,Anticuerpos anti-citomegalovirus IgG,,,,,$330.00,0,$0.00
L0011,,,ANTICUERPOS ANTI-HELICOBACTER PYLORI IGG,,,,,$420.00,0,$0.00
L073,,,Anticuerpos Anti-Helicobacter Pylori IgM,,,,,$420.00,0,$0.00
L0012,,,ANTICUERPOS ANTI-HEPATITIS C,,,,,$350.00,0,$0.00
42,,,Anticuerpos anti-hepatitis C Totales,,,,,$360.00,0,$0.00
LO74,,,ANTICUERPOS ANTI-HETEROFILOS (PAUL BUNNELL),,,,,$300.00,0,$0.00
52,,,ANTICUERPOS ANTI-MITOCONDRIALES,,,,,$415.00,0,$0.00
53,,,ANTICUERPOS ANTI-MUSCULO LISO,,,,,$370.00,0,$0.00
SINSIN63036,,,ANTICUERPOS ANTI-PEROXIDASA TIROIDEA,,,,,$450.00,0,$0.00
L062,,,ANTICUERPOS ANTI-SSA Ro IgG,,,,,$400.00,0,$0.00
L063,,,ANTICUERPOS ANTI-SSB LA IgG,,,,,$365.00,0,$0.00
SERVICIO 56,,,ANTIDOPING 3 ELEMENTOS PARA EMPRESA,,,,,$166.00,0,$0.00
ANTI5EMP,,,ANTIDOPING 5 ELEMENTOS EMPRESA,,,,,$200.00,0,$0.00
1006,,,ANTIDOPING III SANTA CRUZ (COC TCH ANF),,,,,$31.03,25,$775.75
668262,,,"ANTIDOPING V ( AMP, COC, MET, OPI, THC )",,,,,$49.30,85,"$4,190.50"
77,,,ANTIESTREPTOLISINAS (ASO o ASLO),,,,,$60.00,0,$0.00
85121800-78,,,ANTIGENO AUSTRALIA HEP B (HBS AG),,,,,$350.00,0,$0.00
668266,,,ANTIGENO CA 19-9 (PANCREATICO),,,,,$320.00,0,$0.00
100,,,ANTIGENO CA 72-4 (gastrointestinal),,,,,$610.00,0,$0.00
668264,,,ANTIGENO CA-125 (OVARICO),,,,,$360.00,0,$0.00
79,,,ANTIGENO CARCINOEMBRIONARIO (C.E.A.),,,,,$230.00,0,$0.00
95264,,,Antígeno HE4 (Proteína del Epidídimo Humano),,,,,$600.00,0,$0.00
80,,,ANTIGENO HELICOBACTER PYLORI EN HECES,,,,,$50.00,0,$0.00
78,,,Antígeno Hepatitis B de Superficie,,,,,$350.00,0,$0.00
82,,,ANTIGENO PROSTATICO ESPECIFICO (PSA) CUANTITATIVO,,,,,$215.00,0,$0.00
83,,,ANTIGENO PROSTATICO LIBRE (PSA LIBRE),,,,,$300.00,0,$0.00
7.50105E+12,,,"ANTISÉPTICO  LODOPOVIDONA ESPUMA, DERMÓ DINE 950ML",,,,,$119.48,0,$0.00
8.02795E+12,,,APIXABAN ( ELICUIS ) TABLETAS 5MG C/60,,,,,"$1,730.26",0,$0.00
SERVICIO 21,,,APLICACIÓN DE ARETE,,,,,$166.00,0,$0.00
SERVICIO 16,,,APLICACION DE DIU,,,,,$290.50,0,$0.00
SERVICIO 17,,,APLICACION DE IMPLANTE,,,,,$290.50,0,$0.00
APLICASONDA,,,APLICACION DE SONDA FOLEY,,,,,$96.39,0,$0.00
APLISONDASINMAT,,,APLICACION DE SONDA FOLEY,,,,,$0.00,0,$0.00
SERVICIO 18,,,APLICACION IM,,,,,$41.50,0,$0.00
APLICACIONIV,,,APLICACION IV,,,,,$80.00,0,$0.00
APLICACIV22,,,APLICACION IV,,,,,$261.84,0,$0.00
APLICACIV24,,,APLICACION IV,,,,,$261.84,0,$0.00
APLICIV22TN,,,APLICACION IV,,,,,$261.84,0,$0.00
APLICIV24TN,,,APLICACION IV,,,,,$261.84,0,$0.00
7.50105E+12,,,APLICADOR HIPOALERGENICOS (HISOPOS) CON 100 PIEZAS,,,,,$8.66,0,$0.00
CU16-01,,,APOSITO ESTERIL 20X8 PROTEC,,,,,$10.50,0,$0.00
7.50105E+12,,,APOSITO QUIRURGICO,,,,,$13.57,0,$0.00
7.85121E+11,,,ATORVASTATINA ( ATORLIP ) TABLETAS 20MG C/10,,,,,$30.65,0,$0.00
7.50223E+12,,,ATORVASTATINA ( DESLOCRON ) TABLETAS 20 MG C/10,,,,,$14.71,0,$0.00
7.50201E+12,,,ATORVASTATINA ( ODIVITOR ) TAB 10MG C/20,,,,,$20.59,8,$164.72
7.50201E+12,,,ATORVASTATINA ( ODIVITOR ) TAB 20 MG C/10,,,,,$12.94,0,$0.00
7.50222E+12,,,AVIVIA METOCLOPRAMIDA 10MG,,,,,$7.77,0,$0.00
7.50223E+12,,,AZITROMICINA ( CRAZTRONIN )  TABLETAS 500MG C/3,,,,,$22.64,-5,-$113.20
7.50223E+12,,,AZITROMICINA ( CRAZTRONIN ) TAB 500mg  C/4,,,,,$30.23,0,$0.00
7.5013E+12,,,AZITROMICINA ( PHARMAGEN ) SUSPENSION 600MG C/15ML,,,,,$69.47,0,$0.00
7.50221E+12,,,AZITROMICINA ( SICALAN ) SUSPENSIÓN 4 GR C/30ml,,,,,$73.76,30,"$2,212.80"
85,,,BACILOSCOPIA (BAAR UNA MUESTRA),,,,,$55.00,0,$0.00
86,,,BACILOSCOPIA SERIADA (BAAR 3 MUESTRAS),,,,,$170.00,0,$0.00
7.50105E+12,,,BANDA ELASTICA,,,,,$0.35,0,$0.00
7.50105E+12,,,BANDAS ADHESIVAS,,,,,$0.31,0,$0.00
7.50602E+12,,,BANDITAS ADHESIVAS  ( SKIN PROT) C/100 PZS,,,,,$0.48,0,$0.00
BANDITAS,,,BANDITAS ADHESIVAS REDONDAS,,,,,$0.36,0,$0.00
7.503E+12,,,BAÑO COLOIDE (NUCITEC) POLVO PARA SUSPENSION 90G,,,,,$24.47,0,$0.00
7.50635E+12,,,BAÑO COLOIDE (NUCITEC) POLVO PARA SUSPENSION 90G,,,,,$17.67,0,$0.00
7.50303E+12,,,BAÑO COLOIDE (SUADERM) POLVO PH 5.75 C/90G,,,,,$33.94,0,$0.00
7.50303E+12,,,BAÑO COLOIDE POLVO C / 1  SOB 90 G (SUANCA),,,,,$21.84,0,$0.00
BATA,,,BATA PACIENTE AZUL C/10 PIEZAS,,,,,$9.33,-30,-$279.90
7.50128E+12,,,BATELENGUAS DE MADERA DESECHABLES,,,,,$6.82,255,"$1,739.10"
7.5004E+12,,,BAUMANOMETRO,,,,,$238.67,0,$0.00
7.5004E+12,,,BAUMANOMETRO ANEROIDE ( CHECKATEK ),,,,,$335.94,0,$0.00
MA18-01,,,BAUMANOMETRO ANEROIDE HC PARED 4000,,,,,$885.08,0,$0.00
7.85119E+11,,,BENCIDAMINA  ( ARTROBEN ) SPRAY BUCAL 45MG C/30ML,,,,,$29.93,0,$0.00
7.85119E+11,,,BENCIDAMINA ( ARTROBEN ) SOLUCIÓN 540MG / 360ML,,,,,$56.24,0,$0.00
7.50221E+12,,,BENCIDAMINA ( BENIFLANT ) SOLUCION BUCAL 30 ML,,,,,$35.85,0,$0.00
7.50157E+12,,,BENCIDAMINA ( BIOBEND ) SOLUCION 0.15G / 100ML C/360ML,,,,,$40.77,0,$0.00
7.50157E+12,,,BENCIDAMINA ( BIOBEND ) SOLUCION SPRAY 0.15MG/100ML C/30ML,,,,,$19.76,0,$0.00
7.50221E+12,,,BENCIDAMINA (BENIFLANT) SOLUCION 0.15GR/100ML,,,,,$46.77,0,$0.00
7.50135E+12,,,BENZATINA BENCILPENICILINA / PROCAÍNA ( AMSA ) SOL INY 1 200 000 UI C/1 AMP.,,,,,$14.50,0,$0.00
6.37421E+11,,,BENZOCAÍNA / CLORAMFENICOL / HIDROCORTISONA ( OTOLONE ) SOLUCIÓN ÓTICA 5ML,,,,,$29.64,0,$0.00
7.50223E+12,,,BENZONATATO ( PHARBEN ) CAPSULAS 100MG,,,,,$24.70,0,$0.00
7.50147E+12,,,BENZONATATO ( TEXOVEN ) CÁPSULAS 100MG C/20,,,,,$25.88,0,$0.00
6682490,,,"BETA 2 GLICOPROTEINAS IgG, IgM, Ga",,,,,"$1,770.00",0,$0.00
7.50135E+12,,,BETAHISTINA ( AMSA )TAB 24MG C/30,,,,,$60.12,3,$180.36
7.50201E+12,,,BETAHISTINA ( BITENVER ) 24 MG C / 30 TAB,,,,,$62.90,0,$0.00
7.50138E+12,,,BETAHISTINA ( NEOLPHARMA )TAB 24MG C/30,,,,,$113.61,0,$0.00
7.50154E+12,,,BETAMETASONA ( CELESBITAN ) SOL INY 8MG/2ML,,,,,$16.91,292,"$4,937.72"
7.50201E+12,,,BETAMETASONA ( ERISPAN ) SOL INY 8MG/2ML C/1AMP Y 1JER,,,,,$22.94,448,"$10,277.12"
7.50201E+12,,,BETAMETASONA (ERISPAN) SOL INYECTABLE 4 MG / 2 ML C / 1,,,,,$19.89,0,$0.00
7.502E+12,,,BETAMETASONA / CLOTRIMAZOL / GENTAMICINA  ( BARMICIL-C ) CREMA 50MG/1.0MG/0.1G C/40 gr.,,,,,$20.11,0,$0.00
7.80083E+11,,,BETAMETASONA / GENTAMICINA / CLOTRIMAZOL ( GELMICIN ) CREMA 0.05G/0.10G/1.00G/100.00G C/40G,,,,,$15.52,0,$0.00
7.50201E+12,,,BETAMETASONA / INDOMETACINA /  METOCARBAMOL ( MEDIGEN ) 0.75 /25 / 215 MG CAP C / 20,,,,,$22.47,0,$0.00
7.50201E+12,,,BETAMETASONA / INDOMETACINA / METOCARBAMOL ( VERATRIN ) CAPSULAS .75MG/25MG/215MG C/20,,,,,$28.74,0,$0.00
7.50184E+12,,,"BETAMETASONA, GENTAMICINA, CLOTRIMAZOL 0.05%, 0.1%, 1.0% (PRUBAGEN)",,,,,$21.67,0,$0.00
7.50154E+12,,,BEZAFIBRATO (  BRUFIZA ) TABLETAS 200 MG C/30,,,,,$18.54,0,$0.00
7.50156E+12,,,BEZAFIBRATO ( BIORESEARCH ) TABLETAS 200 MG C/30,,,,,$24.71,0,$0.00
7.50138E+12,,,BEZAFIBRATO ( PSICOFARMA ) TABLETA 200MG C/30,,,,,$20.10,0,$0.00
7.503E+12,,,BEZAFIBRATO ( REDALIP ) TABLETAS 200MG C/30,,,,,$32.04,0,$0.00
7.50108E+12,,,BEZAFIBRATO (NIBEZVAG) TABLETA 200MG C/30,,,,,$24.37,0,$0.00
91,,,"BILIRRUBINAS (TOTAL, INDIRECTA, DIRECTA)",,,,,$90.00,0,$0.00
403,,,BIOMETRIA HEMATICA (CON DIFERENCIAL),,,,,$105.00,0,$0.00
511,,,BIOMETRIA HEMATICA COMPLETA (BHC),,,,,$65.00,0,$0.00
LMP2022,,,BIOPSIA CHICA,,,,,$440.00,0,$0.00
7.50138E+12,,,BIPERIDENO ( PSICOFARMA ) TABLETA 2MG C/30,,,,,$50.69,0,$0.00
8.75016E+13,,,BOLSA AUTOSELLANTE 10X23 C/200 PMG,,,,,$212.33,1,$212.33
8.75016E+13,,,BOLSA AUTOSELLANTE 20X33 C/200 PGM,,,,,$430.59,1,$430.59
7.50401E+12,,,BOLSA PARA MUESTRA DE ORINA (NIÑA),,,,,$5.57,0,$0.00
7.50401E+12,,,BOLSA PARA MUESTRA DE ORINA (NIÑO),,,,,$5.57,0,$0.00
7.50146E+12,,,BOLSA RECOLECTORA DE ORINA (PIERNA) EDIGAR 650ML,,,,,$35.00,0,$0.00
7.50602E+12,,,BOLSA RECOLECTORA DE ORINA 2L,,,,,$44.38,10,$443.80
1.40027E+11,,,"BOLSAS DE ESTERILIZACIÓN ( PRO TECTIVE )  7 1/2"" X 13",,,,,$2.25,0,$0.00
1.40026E+11,,,"BOLSAS PARA ESTERILIZACIÓN ( PRO TECTIVE ) TAMAÑO 5 1/4"" X 11",,,,,$1.65,0,$0.00
7.50229E+12,,,BROCHE METALICO,,,,,$118.00,0,$0.00
7.50157E+12,,,BROMHEXINA ( BIOMEP ) SOLUCION ADULTO 160 MG/ 100 ML C/100ML,,,,,$17.29,0,$0.00
7.50157E+12,,,BROMHEXINA ( BIOMEP) SOLUCION INFANTIL 80MN / 100ML,,,,,$20.04,0,$0.00
7.50221E+12,,,BROMHEXINA ( BROMICOF ) SOLUCION ADULTO 160MG,,,,,$7.80,2,$15.60
7.50221E+12,,,BROMHEXINA ( BROMICOF ) SOLUCIÓN INFANTIL 80MG C/100ML,,,,,$6.50,0,$0.00
7.50183E+12,,,BROMHEXINA ( NORMOFLEX ) SOLUCIÓN ADULTO 160MG,,,,,$31.02,0,$0.00
7.50183E+12,,,BROMHEXINA (NORMOFLEX) SOLUCION INFANTIL 80MG C/100ML,,,,,$20.22,0,$0.00
7.503E+12,,,"BROMURO DE IPATROPIO / SALBUTAMOL ( IPRASUAVELIN ) SOL P/ NEBULIZAR 0.5 MG , 2.5 MG  C/10",,,,,$87.63,0,$0.00
7.50201E+12,,,BROMURO DE IPATROPIO / SALBUTAMOL (LONVITOL) SOL PARA NEBULIZAR C/10 AMP,,,,,$90.56,0,$0.00
8.90112E+12,,,BROMURO DE IPATROPIO / SALBUTAMOL 0.5 MG / 2.5 MG (CIPLA) INHALACION,,,,,$67.42,0,$0.00
7.50135E+12,,,BROMURO DE IPATROPIO SALBUTAMOL ( AMSA ) SOL. NEBULIZAR 0.5MG/2.5MG  2.5 ML,,,,,$93.94,7,$657.58
7.50222E+12,,,BROMURO DE IPRATROPIO / SALBUTAMOL 0.5 MG / 2.5 MG / 2.5 ML ( FEVOLUT ) P / NEBULIZAR,,,,,$70.00,25,"$1,750.00"
7.50222E+12,,,BROMURO DE PINAVERIO ( AVIVIA) TABLETAS 100 MG C/ 14,,,,,$11.90,0,$0.00
7.50183E+12,,,BROMURO DE PINAVERIO ( CREVESA) TABLETAS 100 MG C/ 14,,,,,$30.18,0,$0.00
7.50223E+12,,,BROMURO DE PINAVERIO ( ROLMON ) TABLETAS 100 MG C/14,,,,,$16.70,10,$167.00
7.50222E+12,,,BROMURO DE PINAVERIO ( ULTRA ) TABLETA 100 MG C/14,,,,,$23.91,0,$0.00
7.85119E+11,,,BROMURO DE PINAVERIO (DISTENTAL) 100MG C/14 TAB,,,,,$29.21,0,$0.00
8.21998E+11,,,BROMURO DE PINAVERIO (SCHOEN) TABLETA  100 MG C/14,,,,,$21.54,0,$0.00
7.50303E+12,,,BROMURO DE PINAVERIO / DIMETICONA ( DIVELGEL ) 100MG / 300MG C/16,,,,,$99.20,10,$992.00
7.50303E+12,,,BROMURO DE PINAVERIO / DIMETICONA ( DIVELGEL ) CAPSULA 100MG/ 300MG C/32,,,,,$225.57,0,$0.00
7.50303E+12,,,BROMURO DE PINAVERIO / DIMETICONA ( DIVELGEL ) CAPSULAS 100MG-300MG,,,,,$125.76,0,$0.00
7.50201E+12,,,BROMURO DE PINAVERIO / DIMETICONA ( LEXITRIM ) 100 / 300 MG CAP C / 16,,,,,$82.35,0,$0.00
7.50223E+12,,,BROMURO DE PINAVERIO / DIMETICONA (NESAJAR) CAPSULAS 100 MG/ 300MG,,,,,$87.36,0,$0.00
7.50138E+12,,,BROMURO DE PINAVERIO TAB 100MG (NEOLPHARMA),,,,,$20.00,0,$0.00
7.50303E+12,,,BROMURO DE PINAVERIO/DIMETICONA (DIVELGEL) CAPSULA 100MG/300MG C/32,,,,,$250.64,0,$0.00
668282,,,BRUCELLA ABORTUS POR ROSA DE BENGALA,,,,,$150.00,0,$0.00
74323004380,,,BUBULUBU ICE,,,,,$10.00,0,$0.00
74323011616,,,BUBULUBU MINI,,,,,$3.47,0,$0.00
7.50135E+12,,,BUDESONIDA ( AMSA ) SOL P/ NEBULIZAR .500/2ML,,,,,$144.94,0,$0.00
7.50108E+12,,,BUDESONIDA ( BUDENOVA ) SUSP P/NEBULIZAR 500 MG/ 2ML C/5,,,,,$161.20,0,$0.00
7.5011E+12,,,BUDESONIDA ( PULMICORT ) SUSP P/ NEBULIZAR 0.25 MG/ML C/5,,,,,$253.87,0,$0.00
7.5011E+12,,,BUDESONIDA ( PULMICORT) SUSP P/NEBULIZAR 0.125 MG/ML C/5,,,,,$118.92,0,$0.00
7.50135E+12,,,BUDESONIDA (AMSA) SUSPENSION P/NEB 0.250ML/2ML C/5,,,,,$121.66,0,$0.00
7.50108E+12,,,BUDESONIDA (BUDENOVA) SOL PARA NEBULIZAR 0.125 C/5 AMP DE 2 ML,,,,,$127.99,10,"$1,279.90"
7.50226E+12,,,BUDESONIDA (DANKIAL-B) 0.250MG/2ML SUSP.P/NEBULIZACION C/5 AMP,,,,,$108.48,0,$0.00
7.50226E+12,,,BUDESONIDA (DANKIAL-B) SUSP.P/ NEBULIZACION C/5AMP 0.500 MG/2ML,,,,,$116.00,0,$0.00
7.5011E+12,,,BUDESONIDA / FORMOTEROL ( SYMBICORT ) PVO 160/4.5 MCG. C/60 DOSIS,,,,,$444.75,0,$0.00
7.5011E+12,,,BUDESONIDA / FORMOTEROL ( VANNAIR ) AEROSOL 160/4.5 120 DOSIS,,,,,"$1,048.78",0,$0.00
7.50135E+12,,,BUDESONIDA SUSPENSION 64UG PARA INHALACION,,,,,$159.30,0,$0.00
7.50135E+12,,,BUTILHIOSCINA ( AMSA ) TAB 10 MG C/10,,,,,$18.02,0,$0.00
7.502E+12,,,BUTILHIOSCINA ( EXCOSINE-S ) INYECTABLE  20 MG C/3 AMP DE 1ML,,,,,$30.46,40,"$1,218.40"
7.50222E+12,,,CABERGOLINA ( ULTRA ) TABLETA 0.5MG C/8,,,,,$249.65,0,$0.00
7.50146E+12,,,CABESTRILLO CHICO ( EDIGAR ),,,,,$64.97,2,$129.94
7.50146E+12,,,CABESTRILLO GRANDE,,,,,$64.97,1,$64.97
7.50146E+12,,,CABESTRILLO MEDIANO,,,,,$64.97,2,$129.94
12549,,,CABESTRILLO SENCILLO CHICO,,,,,$61.89,0,$0.00
154958,,,CABESTRILLO SENCILLO GRANDE,,,,,$61.89,0,$0.00
7.50226E+12,,,CAFE CAPUCHINO ( KOFFIEX ) 10G C/15 SOBR,,,,,$79.39,0,$0.00
7.50046E+12,,,CALAMINA  ( KALAMYN ) CREMA 180ML,,,,,$32.07,6,$192.42
63742020600,,,CALAMINA (CALAZIN) CREMA TOPICA,,,,,$15.02,0,$0.00
SINSIN22599,,,CALCANEO Y TALON 4 POSICIONES,,,,,$720.00,0,$0.00
7.14908E+11,,,CALCIO / ERGOCALCIFEROL ( CALTRON 600+D ) C/ 60 TAB,,,,,$91.76,0,$0.00
8152,,,CALCIO EN ORINA DE 24 HORAS,,,,,$80.00,0,$0.00
101,,,CALCIO SERICO,,,,,$230.00,0,$0.00
7.14908E+11,,,CALTROM ( CALCIO ERGOCALCIFEROL) SUSPENSION 360 ML,,,,,$69.66,0,$0.00
DE08-07,,,CAMPO ESTERIL 65X50 SIN HENDIDURA,,,,,$38.98,0,$0.00
6550,,,CAMPO ESTERIL HENDIDO 65 X 50,,,,,$23.25,7,$162.75
6570,,,CAMPO ESTERIL HENDIDO 65 X 70,,,,,$10.44,0,$0.00
6590,,,CAMPO NO ESTERIL 60X90,,,,,$4.76,2,$9.52
SERVICIO 65,,,CANALIZACION EMPRESARIAL URGENCIAS,,,,,$249.00,0,$0.00
7.502E+12,,,CAOLIN / PECTINA ( ISOCAR ) SUSP 1 G/0.05G/5ML C/120ML,,,,,$26.20,0,$0.00
7.50222E+12,,,CAPTOPRIL  ( REDUPREC ) TAB 25MG C/30,,,,,$7.87,0,$0.00
7.50154E+12,,,CAPTOPRIL ( BRUCAP ) TABLETAS 25 MG C/30,,,,,$9.78,0,$0.00
7.50108E+12,,,CAPTOPRIL ( NOVAPRES ) TABLETA 25 MG C/30,,,,,$8.83,0,$0.00
7.50223E+12,,,CAPTOPRIL ( SABTRES ) TAB 25MG C/30,,,,,$7.41,0,$0.00
7.50645E+12,,,CARAMELOS C/PROPOLEO EQUINACEA C/10 AJOLOTIUS,,,,,$20.83,0,$0.00
7.14707E+11,,,CARAMELOS DE MIEL / EUCALIPTO ( HERBACIL ) PASTILLAS 2.5G C/40G,,,,,$21.66,0,$0.00
7.50139E+12,,,CARBAZOCROMO / BISULFITO SODICO DE MENADIONA (HEMOSIN-K) TABLETA 25MG/5MG C/32,,,,,$304.72,0,$0.00
7.50201E+12,,,CARBOCISTEINA ( CULMINAX ) SOLUCION 375 MG / 5 ML C/130ML,,,,,$35.84,0,$0.00
7.50107E+12,,,CARBONATO DE CALCIO / COLECALCIFEROL 600ML / 400UI (CALTRATE600+D),,,,,$229.85,0,$0.00
7.502E+12,,,CARISOPRODOL / DICLOFENACO ( RAYERE ) 200 MG / 50 MG TAB,,,,,$78.31,0,$0.00
7.50106E+12,,,CARLOS V,,,,,$7.62,0,$0.00
CARTA TRAUMA,,,CARTA DE BUENA SALUD ( TRAUMA ),,,,,$330.00,0,$0.00
SERVICIO 44.1,,,CARTA DE BUENA SALUD DR,,,,,$150.00,0,$0.00
SERVICIO 45,,,CARTA DE BUENA SALUD ENF,,,,,$124.50,0,$0.00
SERVICIO 47,,,CARTA EMPLEO,,,,,$415.00,0,$0.00
SERVICIO 57,,,CARTA ESCOLAR,,,,,$166.00,0,$0.00
SERVICIO 46,,,CARTA PASAPORTE,,,,,$207.50,0,$0.00
6682309,,,CARTA PRENUPCIALES,,,,,$124.50,0,$0.00
7.50223E+12,,,CARVEDILOL ( BLOQADRE ) CON 14 TABS DE 25MG,,,,,$160.40,0,$0.00
7.89891E+12,,,CATETER ( SAFELET ) 24GX3/4 (19 MM),,,,,$11.14,0,$0.00
4251369,,,CATETER 14,,,,,$13.89,50,$694.50
7.50602E+12,,,CATETER 16,,,,,$13.57,0,$0.00
4251350,,,CATETER 16 BRAUN,,,,,$13.89,0,$0.00
013501951706763117220100103005417a,,,CATETER 16X45,,,,,$8.43,0,$0.00
7.50602E+12,,,CATETER 20 G (SUMITEX),,,,,$8.46,0,$0.00
7.50156E+12,,,CATETER 20G (SAFETIVE),,,,,$9.34,0,$0.00
7.50602E+12,,,CATETER 22 SUMITEX,,,,,$8.26,0,$0.00
7.50113E+12,,,CATETER 24 DLP,,,,,$7.88,0,$0.00
7.50113E+12,,,CATETER 24 INCATH,,,,,$8.01,0,$0.00
7.50602E+12,,,CATETER 24 SUMITEX,,,,,$8.46,0,$0.00
sc65e712h,,,CATETER 24 SURFLASH,,,,,$10.05,0,$0.00
FARPRO12977,,,CATETER 26GA X 19MM ( JELCO SERIVA ),,,,,$3.31,0,$0.00
7.50602E+12,,,CATETER INTRAVENOSO  22GX25MM  (SUMITEX ),,,,,$8.44,0,$0.00
CAT18,,,CATETER INTRAVENOSO 18 X 32MM,,,,,$13.89,0,$0.00
7.50113E+12,,,CATETER INTRAVENOSO 18G X 30 MM DLP,,,,,$6.32,0,$0.00
4.0225E+12,,,CATETER INTRAVENOSO 20 G (BRAUN),,,,,$13.89,50,$694.50
7.50113E+12,,,CATETER INTRAVENOSO 20G X 30MM INCATH,,,,,$8.01,0,$0.00
0104022495139863172805011023e02g8391,,,CATETER INTRAVENOSO 22G (BRAUN),,,,,$13.89,250,"$3,472.50"
7.89891E+12,,,CATETER INTRAVENOSO 22G X 25MM (SAFELET),,,,,$9.28,0,$0.00
7.50113E+12,,,CATETER INTRAVENOSO 22GX 25mm,,,,,$8.01,0,$0.00
4.0225E+12,,,CATETER INTRAVENOSO 22GX26MM,,,,,$11.97,0,$0.00
7.50602E+12,,,CATETER INTRAVENOSO 22GX26MM,,,,,$8.51,0,$0.00
7.50222E+12,,,CATETER INTRAVENOSO 22x25mm (AMBIDERM),,,,,$7.03,0,$0.00
1.72203E+12,,,CATETER INTRAVENOSO 24Gx19MM (BRAUN),,,,,$13.89,150,"$2,083.50"
7.50602E+12,,,CATETER INTRAVENOSO 24Gx19MM (SUMITEX),,,,,$11.00,0,$0.00
7.50222E+12,,,CATETER INTRAVENOSO 24x19mm (AMBIDERM),,,,,$7.03,0,$0.00
7.89891E+12,,,CATETER INTRAVENOSO RADIOPACO 14GX2,,,,,$8.71,0,$0.00
7.50602E+12,,,CATETER PARA VENOCLISIS ( SUMITEX ) 20 G,,,,,$11.01,0,$0.00
7.89891E+12,,,CATETR INTRAVENOSO 20G X 32  (SAFELET),,,,,$9.33,0,$0.00
7.50201E+12,,,CEFALEXINA  ( CEFALVER ) CÁPSULAS 500MG C/20,,,,,$40.82,0,$0.00
7.503E+12,,,CEFALEXINA ( CEFALVER ) SUSPENSION 125 MG / 5 ML C/90ML,,,,,$22.26,0,$0.00
7.50201E+12,,,CEFALEXINA ( CEFALVER ) TABLETAS 1G C/12,,,,,$66.04,0,$0.00
7.50201E+12,,,CEFALEXINA ( MAVER ) SUSPENSION 250 MG / 5 ML C/ 100 ML,,,,,$29.12,0,$0.00
7.50201E+12,,,CEFALEXINA ( MAVER ) TAB 500MG C/20,,,,,$39.73,0,$0.00
7.50221E+12,,,CEFALEXINA ( NIXELAF-C) SUSPENSION 250MG,,,,,$23.03,0,$0.00
7.503E+12,,,CEFALEXINA (CEFALVER) 250MG/5ML SUSP 90ML,,,,,$25.41,14,$355.74
7.503E+12,,,CEFALEXINA (CEFALVER) CAPSULAS 500MG C/12,,,,,$38.75,0,$0.00
7.50135E+12,,,CEFALEXINA 500 MG (AMSA LABORATORIOS) CAPSULAS,,,,,$45.47,0,$0.00
7.50201E+12,,,CEFIXIMA ( BENEVENTOL ) CAPSULA 400 MG C/3,,,,,$64.37,0,$0.00
7.50201E+12,,,CEFIXIMA ( BENEVENTOL ) CAPSULA 400 MG C/6,,,,,$135.63,0,$0.00
7.50201E+12,,,CEFIXIMA ( BENEVENTOL ) SUSP 100MG / 5ML C/50ML,,,,,$90.00,3,$270.00
7.50135E+12,,,CEFOTAXIMA ( AMSA ) SOL INY. 1 G C/1,,,,,$26.04,0,$0.00
7.50135E+12,,,CEFOTAXIMA ( AMSA ) SOL. INY. 1 G C/1,,,,,$30.35,1,$30.35
7.50135E+12,,,CEFTRIAXONA ( AMCEF ) INYECTABLE 1GR C/1,,,,,$15.49,144,"$2,230.56"
7.50135E+12,,,CEFTRIAXONA ( AMCEF ) SOL INYECTABLE 1GR C/1,,,,,$29.80,0,$0.00
7.80083E+11,,,CEFTRIAXONA ( COLLINS ) SOL. INYECTABLE 1GM C/1,,,,,$17.42,0,$0.00
7.80083E+11,,,CEFTRIAXONA ( TRAXICOL ) SOL INYECTABLE 1G C/1,,,,,$26.50,0,$0.00
7.50221E+12,,,CEFTRIAXONA ( TRIAXONA I.M. ) 500 MG INY,,,,,$29.89,0,$0.00
7.50221E+12,,,CEFTRIAXONA ( TRIXINA I.M ) SOL.INY 1 GR,,,,,$27.37,0,$0.00
7.50602E+12,,,CEFTRIAXONA ( ZENSIF ) SOL INY 1G C/1,,,,,$24.68,0,$0.00
7.50135E+12,,,CEFTRIAXONA (AMCEF) SOL INY 500 MG C/2,,,,,$18.94,0,$0.00
7.50135E+12,,,CEFTRIAXONA (AMSA) SOL INYECTABLE 1GR C/1,,,,,$24.21,0,$0.00
7.50135E+12,,,CEFTRIAXONA (AMSA) SOL. INYECTABLE 500 MG 2.0ML C/1,,,,,$19.44,0,$0.00
7.50221E+12,,,CEFTRIAXONA (BRULUART) SOL INYECTABLE 1 MG C/1,,,,,$23.48,0,$0.00
7.50222E+12,,,CELECOXIB  ( AVIVIA ) CAPSULAS 200MG C/20,,,,,$101.84,0,$0.00
7.50222E+12,,,CELECOXIB ( AVIVIA ) CAJA C/ 10 TABLETAS 200MG,,,,,$25.08,0,$0.00
7.85119E+11,,,CELECOXIB ( CICLOX ) CAPSULAS 200 MG C / 10,,,,,$42.62,0,$0.00
7.50222E+12,,,CELECOXIB ( ULTRA ) CAPSULAS 200MG C/20,,,,,$59.77,0,$0.00
7.50201E+12,,,CELECOXIB (DELECON) 200 MG CAPSULAS,,,,,$60.35,0,$0.00
7.50222E+12,,,CELECOXIB (ULTRA) TAB 200 MG CON 10 CAPSULAS,,,,,$26.44,0,$0.00
7.50223E+12,,,CETIRIZINA ( RAAMCINET ) TAB 10 MG C/10,,,,,$17.06,80,"$1,364.80"
7.50157E+12,,,CETIRIZINA ( RETIRIX ) SOLUCION 100MG/100ML C/50ML,,,,,$34.85,81,"$2,822.85"
7.50126E+12,,,CETIRIZINA ( VISERTRAL ) SOL INFANTIL 1MG C/ 50ML,,,,,$48.09,0,$0.00
7.50126E+12,,,CETIRIZINA ( VISERTRAL ) TABLETA 10MG C/10,,,,,$33.67,0,$0.00
7.50183E+12,,,CETIRIZINA (DEGORTZIN) SOL INF 1 MG/ML C/50ML,,,,,$47.54,0,$0.00
7.6222E+12,,,CHICLE ( BUBBALOO),,,,,$0.82,0,$0.00
18804002410,,,CHICLE CANEL'S,,,,,$0.78,0,$0.00
75022952,,,CHICLES CANEL´S,,,,,$0.78,0,$0.00
7.50109E+12,,,CHOCOLATE ( NUCITA BALONES ),,,,,$0.74,0,$0.00
7.50223E+12,,,CINARIZINA ( CYSLEV ) TAB 75 MG C/60,,,,,$25.29,0,$0.00
7.50149E+12,,,CINARIZINA 75 MG (60 TABS) MEVERTIKEN,,,,,$40.30,10,$403.00
7.50223E+12,,,CINITAPRIDA ( AMROL ) TAB 1 MG C/25,,,,,$17.01,0,$0.00
7.50135E+12,,,CINITAPRIDA 1 MG TAB (AMSA),,,,,$16.31,0,$0.00
7.50105E+12,,,CINTA ADHESIVA (MICROPOROSA) PTOTEC,,,,,$8.69,0,$0.00
7.50102E+12,,,CINTA ADHESIVA TRANSPARENTE ( NEXCARE ),,,,,$298.60,0,$0.00
9750050,,,CINTA AISLANTE DE VINIL (NEGRO),,,,,$9.20,0,$0.00
7.50033E+12,,,CINTA DEPORTIVA (KENISIOLOGICA),,,,,$190.00,0,$0.00
7.50033E+12,,,CINTA DEPORTIVA (KINESIOLOGICA),,,,,$190.00,0,$0.00
7.50105E+12,,,CINTA MICROPOR ( PROTEC ) 1.25CM X 10,,,,,$4.04,0,$0.00
70200534694,,,CINTA MICROPORE,,,,,$14.04,0,$0.00
7.50648E+12,,,CINTA MICROPOROSA ( CINTAPORE ),,,,,$8.12,0,$0.00
7.70214E+12,,,CINTA MICROPOROSA ( CURE BAND ) 1..25CMX4.5M PIEL,,,,,$21.09,0,$0.00
7.70214E+12,,,CINTA MICROPOROSA ( CURE BAND ) 2.5CMX4.5M PIEL,,,,,$42.04,0,$0.00
7.50301E+12,,,CINTA MICROPOROSA ( LOMAC ),,,,,$7.89,0,$0.00
7.503E+12,,,CINTA TELA,,,,,$16.67,0,$0.00
7.50602E+12,,,CINTA TELA ADHESIVA ACETATO 2.5 CM,,,,,$37.13,0,$0.00
7.50105E+12,,,CINTA TESTIGO ( PROTECT ) P / ESTERILIZACION,,,,,$68.09,2,$136.18
7.50648E+12,,,CINTAPORE COLOR PIEL,,,,,$14.77,0,$0.00
7.50135E+12,,,CIPROFIBRATO 100MG CAP (AMSA),,,,,$90.87,0,$0.00
7.50105E+12,,,CIPROFLOXACINO ( CEPOKAB ) INY 2 MG / ML,,,,,$18.95,0,$0.00
7.50223E+12,,,CIPROFLOXACINO ( FLOVIN ) TABLETAS 500 MG C/10,,,,,$19.56,0,$0.00
7.50634E+12,,,CIPROFLOXACINO ( FLUXACORD ) TABLETAS 500MG,,,,,$29.21,0,$0.00
7.80083E+11,,,CIPROFLOXACINO ( KENZOFLEX ) SOL OFTALMICA 0.3% C/5ML,,,,,$26.97,0,$0.00
7.80083E+11,,,CIPROFLOXACINO ( KENZOFLEX ) TAB 500 MG C / 12,,,,,$20.79,0,$0.00
7.80083E+11,,,CIPROFLOXACINO ( KENZOFLEX ) TABLETAS 500 MG C/12,,,,,$20.11,0,$0.00
7.50157E+12,,,CIPROFLOXACINO ( Z-XIN ) TABLETAS 500MG,,,,,$12.36,0,$0.00
7.85119E+11,,,CIPROFLOXACINO (EUFLOXIN) TABLETAS 500MG C/12,,,,,$24.69,0,$0.00
7.50222E+12,,,CIPROFLOXACINO (ULTRA) TAB 500MG C/12,,,,,$21.47,0,$0.00
7.50157E+12,,,CIPROFLOXACINO (Z-XIN ) TABLETAS 250 MG C/8,,,,,$9.27,0,$0.00
7.50157E+12,,,CIPROFLOXACINO (Z-XIN) TABLETAS 500 MG C/12,,,,,$20.42,0,$0.00
7.50148E+12,,,CIPROFLOXACINO 500 MG TAB (VIFLOXINA),,,,,$12.45,0,$0.00
7.50107E+12,,,CIPROHEPTADINA / CIANOCOBALAMINA  ( CIPROLISINA ) SUSPENSION 40MG/300CG,,,,,$304.64,0,$0.00
7.50183E+12,,,CIPROHEPTADINA / TIAMINA / PIRIDOXINA /CIANOCOBALAMINA / LISINA / GLUCONATO FERROSO ( CONVIFER ) SOL 110 ML,,,,,$33.41,0,$0.00
7.50183E+12,,,CIPROHEPTADINA / TIAMINA / PIRIDOXINA /CIANOCOBALAMINA / LISINA / GLUCONATO FERROSO ( CONVIFER ) SOL 220 ML,,,,,$54.03,0,$0.00
7.50201E+12,,,"CIPROHEPTADINA,CIANOCOBALAMINA 40MG-300MCG(HEFRACIL)",,,,,$64.85,0,$0.00
7.503E+12,,,CISAPRIDA  ( PRESISTIN ) TABLETAS 10 MG C/30,,,,,$31.08,0,$0.00
7.50135E+12,,,CISAPRIDA ( AMSA ) TABS 5MG C/30 TABS,,,,,$22.71,0,$0.00
7.50201E+12,,,CISAPRIDA ( PRESISTIN ) SUSPENSION 1MG/ML 60 ML,,,,,$21.62,0,$0.00
7.503E+12,,,CISAPRIDA ( PRESISTIN ) TABLETAS 5MG C/30,,,,,$21.03,0,$0.00
SERSAN74453,,,CISTOGRAMA,,,,,"$1,800.00",0,$0.00
7.50135E+12,,,CITALOPRAM 20 MG CON/14 TAB,,,,,$37.15,0,$0.00
1515,,,CITOLOGÍA DE MOCO FECAL,,,,,$600.00,0,$0.00
668293,,,CITOLOGIA VAGINAL PAPANICOLAU DOC,,,,,$705.50,0,$0.00
L4583,,,CITOQUIMICO DE LIQUIDO PERITONEAL,,,,,$500.00,0,$0.00
7.50139E+12,,,CITRATO DE POTASIO / ACIDO CITRICO ( UROCLASIO NF ) POLVO 1.50G / 0.25G C/30,,,,,$545.30,0,$0.00
7.50201E+12,,,CITRATO DE POTASIO/ACIDO CITRICO SOL (ZUROLIX) 30 G/5G/100ML,,,,,$67.91,22,"$1,494.02"
7.50101E+12,,,CITRATO DE SODIO / LAURISULFATO ( MICROLAX ) SUSPENSION 90MG/9MG/ML C/4,,,,,$179.26,0,$0.00
890,,,CITRATO EN ORINA 24 HRS,,,,,$410.00,0,$0.00
7.50135E+12,,,CLINDAMICINA  ( AMSA LABORATORIOS ) CAPSULAS 300 MG C/16,,,,,$29.65,10,$296.50
7.85119E+11,,,CLINDAMICINA  ( DALATINA ) CREMA 1 GR C/30,,,,,$30.01,0,$0.00
7.50222E+12,,,CLINDAMICINA  ( ULTRA LABORATORIOS ) CAPSULAS 300MG,,,,,$42.83,0,$0.00
7.80083E+11,,,CLINDAMICINA  (CIGMADIL) CAPSULAS 300 MG C/16,,,,,$39.08,0,$0.00
7.50221E+12,,,"CLINDAMICINA, KETOCONAZOL ( LOEFFLER ) CAJA C/ 7 OVULOS",,,,,$64.64,0,$0.00
7.85119E+11,,,CLINDAMICINA/KETOCONZALO ( MAVIFEM) 2G-8G/100G,,,,,$62.07,0,$0.00
7.50201E+12,,,CLONIXINATO DE LISINA / BUTILHIOSCINA ( DOLTRIX ) TAB 250MG / 10MG C/10,,,,,$56.72,0,$0.00
7.50201E+12,,,CLONIXINATO DE LISINA / HIOSINA ( DOLTRIX) TABLETAS 125/10 MG C/20,,,,,$66.78,0,$0.00
7.50135E+12,,,CLONIXINATO DE LISINA SOL. INYECTABLE 100MG/2ML (AMSA),,,,,$24.88,0,$0.00
75049638,,,CLORAFENICOL ( OPKO ) UNGUENTO OFTALMICO 5 MG / G,,,,,$35.96,0,$0.00
7.50135E+12,,,CLORANFENICOL ( AMSA ) SOL OFT 5MG/ML  C/15ML,,,,,$18.85,0,$0.00
8400007261,,,CLORANFENICOL ( FARCORPE ) UNGUENTO 5GR C/1,,,,,$35.93,0,$0.00
7.50222E+12,,,CLORANFENICOL 0.5 % SOLUCION (ALVARTIS PHARMA),,,,,$22.99,0,$0.00
7.50183E+12,,,CLORFENAMINA ( BLENDOX ) JARABE 50MG/100ML C/60ML,,,,,$5.00,0,$0.00
7.50154E+12,,,CLORFENAMINA ( DERIMETON ) JARABE 50MG/100ML C/120 ML,,,,,$13.00,21,$273.00
7.50227E+12,,,CLORHEXIDINA ( CLORHEXI- LAST ) JABON LIQUIDO 2% C/ 950 ML,,,,,$627.55,0,$0.00
7.50222E+12,,,CLOROPIRAMINA ( AVAPENA ) SOL INYECTABLE 20MG/2ML C/5,,,,,$265.74,0,$0.00
8.21998E+11,,,CLOROPIRAMINA ( SCHOEN )  TABLETA 25 MG C/20,,,,,$43.28,0,$0.00
7.50155E+12,,,CLORURO DE CETILPIRIDINIO (TROCILETAS) TABLETAS,,,,,$40.49,0,$0.00
7.50155E+12,,,CLORURO DE CETILPIRIDINO ( TROCILETAS ) SABOR CEREZA TABS 1.45 MG C/10,,,,,$39.46,0,$0.00
7.50155E+12,,,"CLORURO DE CETILPIRIDINO / BENZOCAINA ( TROCILETAS B ) TABLETAS 2.5MG ,  10MG",,,,,$34.80,30,"$1,044.00"
7.50155E+12,,,"CLORURO DE CETILPIRIDINO, BENZOCAINA ( TROCILETAS B ) TAB 2.5-10MG C/12",,,,,$32.40,5,$162.00
7.50109E+12,,,CLORURO DE ETILO (TRAUMAZOL) SOLUCION,,,,,$313.42,0,$0.00
7.50172E+12,,,CLORURO DE SODIO ( NASSAL ) SPRAY 30ML,,,,,$17.98,0,$0.00
7.50164E+12,,,CLORURO DE SODIO / GLICERINA / ALOE VERA ( INHAFREE ) SOLUCION HUMECTANTE NASAL 30ML,,,,,$18.48,0,$0.00
7.50105E+12,,,CLORURO DE SODIO / GLUCOSA ( DEXTROSA CLORUROSODICA ) 250 ML 0.9 % / 5 %,,,,,$15.11,0,$0.00
7.50105E+12,,,CLORURO DE SODIO 0.9 % 1000ml,,,,,$30.92,2,$61.84
7.50105E+12,,,CLORURO DE SODIO 0.9% ( CLORUROSODICA ALPHA ) SOLUCION INY 50 ML,,,,,$9.89,24,$237.36
7.50602E+12,,,CLORURO DE SODIO 0.9% 100 ML,,,,,$23.74,0,$0.00
7.50138E+12,,,CLORURO DE SODIO 0.9% 1000 ML,,,,,$15.50,0,$0.00
7.50105E+12,,,CLORURO DE SODIO 0.9% 250ML,,,,,$14.35,42,$602.70
7.50138E+12,,,CLORURO DE SODIO 0.9% 250ML,,,,,$13.34,0,$0.00
7.50138E+12,,,CLORURO DE SODIO 0.9% 500 ML,,,,,$20.22,0,$0.00
7.50602E+12,,,CLORURO DE SODIO 0.9% 500 ML,,,,,$27.25,12,$327.00
7.50113E+12,,,CLORURO DE SODIO 0.9% 500 ML (PISA),,,,,$34.52,0,$0.00
7.50105E+12,,,CLORURO DE SODIO 0.9% 500ML,,,,,$23.29,33,$768.57
7.50113E+12,,,CLORURO DE SODIO 0.9% C/250ML,,,,,$24.33,0,$0.00
7.50105E+12,,,CLORURO DE SODIO 100ML (CLORUSODICA ALPHA),,,,,$11.29,4,$45.16
7.50602E+12,,,CLORURO DE SODIO 250 ML,,,,,$25.94,0,$0.00
7.50113E+12,,,CLORURO DE SODIO AL 0.9% 100ML,,,,,$21.09,0,$0.00
7.50602E+12,,,CLORURODE SODIO AL 0.9 % ( DELMED ) SOLUCION 1000 ML,,,,,$44.25,0,$0.00
CDTAB9999,,,Clostridium difficile TOXINA A + B,,,,,$980.00,0,$0.00
7.85119E+11,,,CLOTRIMAZOL ( EURODERM ) CREMA VAG. TUBO 20 MG,,,,,$29.57,0,$0.00
7.502E+12,,,CLOTRIMAZOL ( SON'S ) CREMA 2.0%,,,,,$33.65,0,$0.00
7.5201E+11,,,CLOTRIMAZOL (TENESCAN) CREMA,,,,,$20.92,0,$0.00
7.50201E+12,,,COLAGENO HIDROLIZADO ( NATUREX ) TABLETAS 700MG C/60,,,,,$41.33,0,$0.00
7.50111E+12,,,COLCHICINA ( COLCHIQUIM ) TAB 1MG C/20,,,,,$32.30,0,$0.00
7.50111E+12,,,COLCHICINA ( PERRIGO ) TABLETA 1 MG C/30,,,,,$23.27,0,$0.00
7.50157E+12,,,COLCHICINA ( SIXOL ) TABLETAS 1 MG,,,,,$23.03,0,$0.00
7.50157E+12,,,COLCHICINA (BIOMEP) TABLETA 1 MG C/30,,,,,$27.99,0,$0.00
7.50129E+12,,,COLECALCIFEROL 4000UI (HISTOFIL),,,,,$310.45,0,$0.00
116,,,COLESTEROL DE ALTA DENSIDAD (HDL),,,,,$150.00,0,$0.00
119,,,COLESTEROL TOTAL,,,,,$45.00,0,$0.00
6682313,,,COLESTEROL-TRIGLICERIDOS,,,,,$85.00,0,$0.00
7.50602E+12,,,COLLARIN BLANDO CHICO,,,,,$62.45,0,$0.00
1562,,,COLLARIN BLANDO GRANDE,,,,,$60.13,0,$0.00
6.53341E+11,,,COLLARIN CERVICAL BLANCO GRANDE,,,,,$54.67,0,$0.00
6.53341E+11,,,COLLARIN CERVICAL BLANDO EXTRA GRANDE,,,,,$51.84,0,$0.00
1549863,,,COLLARIN CERVICAL BLANDO MEDIANO,,,,,$46.59,0,$0.00
7.50146E+12,,,COLLARIN CERVICAL BLANDO MEDIANO,,,,,$61.89,0,$0.00
6.53341E+11,,,COLLARIN CERVICAL CHICO,,,,,$51.84,0,$0.00
7.50146E+12,,,COLLARIN CERVICAL CHICO,,,,,$63.94,0,$0.00
7.50146E+12,,,COLLARIN CERVICAL GRANDE,,,,,$63.94,0,$0.00
6.53341E+11,,,COLLARIN CERVICAL MEDIANO,,,,,$51.84,0,$0.00
6.53341E+11,,,COLLARIN CERVICAL ORTHO WORD,,,,,$54.67,0,$0.00
SINSIN90423,,,COLON POR ENEMA,,,,,"$1,600.00",0,$0.00
7.50222E+12,,,COMPLEJO B  ( ULTRA LABORATORIOS ) TIAMINA/PIROXIDINA/CIANOCOBALAMINA 100 MG /5.0MG /0.05 MG  C/30 TAB,,,,,$25.69,0,$0.00
7.50305E+12,,,COMPLEJO B ( AVIVIA ) CAJA C/ 30 TABLETAS,,,,,$44.00,0,$0.00
7.50222E+12,,,COMPLEJO B (AVIVIA) TABLETAS 100 MG/5.0 MG/0.05 MG C/30,,,,,$43.42,0,$0.00
7.50135E+12,,,COMPLEJO B / DEXAMETASONA / LIDOCAINA ( COMBEDI DX ) INYECTABLE 4MG,,,,,$53.38,0,$0.00
7.50154E+12,,,COMPLEJO B / DEXAMETASONA-LIDOCAINA ( TRIBEDOCE DX ) INYECTABLE C/3AMP,,,,,$62.09,0,$0.00
7.502E+12,,,COMPLEJO B / DICLOFENACO ( DICLOVITH-B-FRT ) SOL INYECTABLE,,,,,$41.01,0,$0.00
7.50154E+12,,,COMPLEJO B / DICLOFENACO ( TRIBEDOCE COMPUESTO )  INYECTABLE C/3 AMP,,,,,$61.80,0,$0.00
7.50135E+12,,,COMPLEJO B / DICLOFENACO(COMBEDI DL) SOL INY 100MG/100MG/20MG C/3,,,,,$49.20,0,$0.00
7.50154E+12,,,COMPLEJO B / DIFLOFENACO  ( TRIBEDOCE COMPUESTO ) GRAGEAS 50MG/50MG/50MG/1MG C/30,,,,,$45.24,0,$0.00
7.50135E+12,,,COMPLEJO B / TIAMINA / PIRIDOXINA / CIANOCOBALAMINA ( COMBEDI ) INYECTABLE 100MG / 50MG / 10MG C/5AMP,,,,,$54.61,0,$0.00
7.50201E+12,,,COMPLEJO B / TIAMINA / PIRIDOXINA / HIDROXOCOBALAMINA ( TREXIVER ) SOLUCIÓN INYECTABLE 100MG-50MG-10MG,,,,,$58.43,0,$0.00
7.50222E+12,,,COMPLEJO B DIABETICO (AVIVIA) TABLETAS 50MG C/30,,,,,$30.99,0,$0.00
7.50154E+12,,,"COMPLEJO B TIAMINA / PIRIDOXINA / CIANOCOBALAMINA ( TRIBEDOCE )  SOL INYECTABLE 100MG , 5MG , 50MCG  C/5",,,,,$72.31,20,"$1,446.20"
7.50154E+12,,,COMPLEJO B TIAMINA / PIRIDOXINA / CIANOCOBALAMINA ( ,,,,,$20.57,0,$0.00
,,,"TRIBEDOCE )  TABLETAS 100MG , 5MG , 50MCG  C/30",,,,,,,
7.404E+12,,,CONDON ( VIVE AMOR ) 3 PZ,,,,,$20.16,0,$0.00
CONSULTA III,,,CONSULTA DE URGENCIA,,,,,$243.00,0,$0.00
CONSULTA,,,CONSULTA GENERAL,,,,,$58.10,0,$0.00
SERVICIO 53,,,CONSULTA GENERAL II,,,,,$90.00,0,$0.00
CLUB SALUD,,,CONSULTA MEDICA PRIMARIA,,,,,$70.00,0,$0.00
SERVICIO 61,,,CONSULTA NOCTURNA,,,,,$124.50,0,$0.00
INTPSICO,,,CONSULTA PSICOLOGIA,,,,,$450.00,0,$0.00
SERVICIO 69,,,CONSULTA PSICOLOGIA EMPRESARIAL,,,,,$630.00,0,$0.00
7.92604E+11,,,CONTENEDOR DE PUNZOCORTANTES RPBI 1.8L,,,,,$59.59,0,$0.00
7.92604E+11,,,CONTENEDOR ROJO RESIDUO PELIGROSO 1.8LT,,,,,$55.46,0,$0.00
7.92604E+11,,,CONTENEDOR ROJO RESIDUOS PELILIGROSOS,,,,,$89.25,15,"$1,338.75"
SERVICIO 58,,,CONTROL PRENATAL,,,,,$83.00,0,$0.00
L124,,,COOMBS DIRECTO (ANTICUERPOS ANTI-RH),,,,,$160.00,0,$0.00
6682105,,,COOMBS INDIRECTO,,,,,$190.00,0,$0.00
6682106,,,COPROCULTIVO,,,,,$280.00,0,$0.00
6682107,,,COPROLOGICO,,,,,$75.00,0,$0.00
6682108,,,COPROPARASITOSCOPICO SERIADO 3 MUESTRAS,,,,,$90.00,0,$0.00
6682109,,,COPROPARASITOSCOPICO UNICO,,,,,$50.00,0,$0.00
131,,,CORTISOL EN ORINA DE 24 HRS,,,,,$230.00,0,$0.00
130,,,CORTISOL MATUTINO,,,,,$230.00,0,$0.00
8.80941E+12,,,COVID-19 & FLU A/B AG DUO,,,,,$127.60,175,"$22,330.00"
132,,,CPK-MB,,,,,$100.00,0,$0.00
135,,,CREATIN FOSFOQUINASA (CPK),,,,,$100.00,0,$0.00
6682115,,,CREATININA EN ORINA,,,,,$35.00,0,$0.00
L0048,,,CREATININA EN ORINA DE 24 HRS,,,,,$80.00,0,$0.00
6682114,,,CREATININA EN SUERO,,,,,$45.00,0,$0.00
7.50135E+12,,,CRIPROFLOXACINO (AMSA) 500MG,,,,,$21.29,20,$425.80
DENBDPNEUA,,,CUBIERTA HENDIDA CON ADESIVO 10X20CM (DENTICA),,,,,$10.44,0,$0.00
7.50222E+12,,,CUBREBOCAS AMBIDERM,,,,,$0.92,0,$0.00
7.50222E+12,,,CUBREBOCAS AMBIDERM P/ADULTO,,,,,$43.08,0,$0.00
7.50229E+12,,,CUBREBOCAS KN95,,,,,$5.00,150,$750.00
CUBREBOCAS,,,CUBREBOCAS P/ADULTO AZUL,,,,,$0.66,200,$132.00
7.50113E+12,,,CUBREBOCAS P/ADULTO(DL),,,,,$1.23,0,$0.00
10,,,CUERPOS CETONICOS,,,,,$0.00,0,$0.00
6682314,,,CULTIVIO DE ULCERA,,,,,$135.00,0,$0.00
5121,,,Cultivo de Expectoración,,,,,$0.00,0,$0.00
6682310,,,CULTIVO DE HERIDA,,,,,$450.00,0,$0.00
L142,,,CULTIVO DE NEISSERIA GONORRHOEAE,,,,,$335.00,0,$0.00
6682324,,,CULTIVO DE SECRECION,,,,,$350.00,0,$0.00
6682119,,,CULTIVO FARINGEO,,,,,$195.00,0,$0.00
6682120,,,CULTIVO NASAL,,,,,$135.00,0,$0.00
6682121,,,CULTIVO OCULAR,,,,,$135.00,0,$0.00
6682122,,,CULTIVO OTICO,,,,,$135.00,0,$0.00
6682312,,,CULTIVO RECTAL,,,,,$135.00,0,$0.00
6682123,,,CULTIVO URETRAL,,,,,$135.00,0,$0.00
6682124,,,CULTIVO VAGINAL,,,,,$300.00,0,$0.00
6682125,,,CULTIVO VULVAR,,,,,$100.00,0,$0.00
CURACIONCHI,,,CURACION CHICA,,,,,$83.52,0,$0.00
SERVICIO 68,,,CURACION EMPRESARIAL,,,,,$415.00,0,$0.00
CURACIONGND,,,CURACION GRANDE,,,,,$88.16,0,$0.00
CURACION,,,CURACIÓN MEDIANA,,,,,$0.00,0,$0.00
CURACION MEDIANA,,,CURACION MEDIANA,,,,,$120.00,0,$0.00
CURACIONMED,,,CURACION MEDIANA,,,,,$83.00,0,$0.00
6969,,,CURVA DE ISULINA 2 HRS,,,,,$600.00,0,$0.00
7.5011E+12,,,DAPAGLIFLOZINA / METFORMINA ( XIGDUO XR ) TABLETAS 10 MG / 100 MG C/ 14,,,,,$726.15,0,$0.00
7.5011E+12,,,DAPAGLIFLOZINA / METFORMINA ( XIGDUO XR ) TABLETAS 5 MG / 1000 MG C/28,,,,,$776.90,0,$0.00
9022021,,,Dehidroepiandrosterona (DHEA),,,,,$390.00,0,$0.00
8022022,,,Dehidroepiandrosterona Sulfato (DHEA-S),,,,,$350.00,0,$0.00
L0060,,,DEPURACIÓN DE CREATININA DE 24 HRS,,,,,$90.00,0,$0.00
7.50105E+12,,,DERMOCLEEN CB JABON 4 LT,,,,,$190.18,0,$0.00
7.50105E+12,,,DERMOCLEEN H SOL ANTISEPTICA 500 ML,,,,,$76.00,0,$0.00
160,,,DESHIDROGENASA LACTICA (LDH),,,,,$75.00,0,$0.00
7.50135E+12,,,DEXAMETASONA ( AMSA ) INYECTABLE 8MG / 2ML C/1AMP,,,,,$8.05,535,"$4,306.75"
7.50148E+12,,,DEXAMETASONA ( CRYOMETASONA ) INYECTABLE 8MG C /1AMP,,,,,$7.50,0,$0.00
7.50201E+12,,,DEXAMETASONA ( MEDIGEN ) SULUCION INY. 8MG/2ML,,,,,$11.49,0,$0.00
7.50225E+12,,,DEXAMETASONA ( REXIPATEN ) 8 MG / DL 2 ML,,,,,$6.74,0,$0.00
7.50225E+12,,,DEXAMETASONA ( REXIPATEN ) SOL INYECTABLE 8MG/2ML C/3,,,,,$19.56,0,$0.00
7.50226E+12,,,DEXAMETASONA ( SINKEL ) INYECTABLE 8 MG / 2 ML / 1AMP,,,,,$8.50,0,$0.00
7.502E+12,,,DEXAMETASONA (METAX) SOL. INYECTABLE 8MG/2ML C/1,,,,,$11.30,0,$0.00
7.50138E+12,,,DEXAMETASONA (PSICOFARMA) SOL INY 8 MG/ 2 ML C/1,,,,,$6.09,0,$0.00
7.50183E+12,,,DEXAMETASONA / MALEATO DE CLORFENAMINA  ( LERGOSIN-A ) TABLETAS 0.25-2.0 C/15TAB,,,,,$35.99,0,$0.00
7.502E+12,,,DEXAMETASONA / NEOMICINA / FENILEFRINA  ( NEODEFRIN ) SOLUCION NASAL 0.5MG-3.5MG-5.0MG C/15ML,,,,,$29.48,20,$589.60
7.80083E+11,,,DEXAMETASONA / NEOMICINA / FENILEFRINA ( BEXINE ) SOLUCIÓN 15ML,,,,,$31.03,0,$0.00
7.502E+12,,,"DEXAMETASONA / NEOMICINA / LIDOCAÍNA  ( DEXNE ÓTICO ) SOLUCION ÓTICA 1.0MG , 3.5 MG, 15 MG C/10ML",,,,,$41.33,0,$0.00
7.50109E+12,,,DEXAMETASONA 4MG/ML INY (ALIN DEPOT),,,,,$175.04,0,$0.00
7.80083E+11,,,DEXAMETASONA 8MG/2ML INYECTABLE (BEXINE),,,,,$8.05,10,$80.50
7.80083E+11,,,DEXAMETASONA SOL. INY.8MG/2ML (BEXINE),,,,,$18.60,0,$0.00
7.50201E+12,,,DEXKETOPROFENO ( DOXON ) TAB 25MG C/10,,,,,$57.98,0,$0.00
7.50201E+12,,,DEXKETOPROFENO ( DOXON ) TAB 25MG C/20,,,,,$113.56,0,$0.00
7.5011E+12,,,DEXKETOPROFENO (VELIAN) SOL INY 50mg,,,,,$300.00,0,$0.00
7.502E+12,,,DEXPANTENOL (BABYSONS) CREMA 5% TUBO C/30 GR,,,,,$20.11,0,$0.00
7.50201E+12,,,DEXPANTENOL (PAMEDAN) CREMA 5% TUBO C/30 GR,,,,,$17.93,2,$35.86
7.50156E+12,,,DEXTROMETORFANO ( BIOQUIDAN ) SUSPENSION 300/100 C/120 ML,,,,,$9.10,0,$0.00
7.50156E+12,,,DEXTROMETORFANO ( BIORESERCH ) JARABE 15 MG / 5 ML C/120 ML,,,,,$9.21,0,$0.00
7.50154E+12,,,DEXTROMETORFANO ( BRUDEX ) JARABE 15MG/5ML C/120ML,,,,,$19.81,0,$0.00
7.502E+12,,,DEXTROMETORFANO / GUAIFESINA ( YADEGAL ) SOLUCION 0.275G/2.25 G/ 100 ML C/30ML,,,,,$30.24,0,$0.00
7.50154E+12,,,DEXTROMETORFANO/AMBROXOL ( OXOLBRUL ) SOLUCION ADULTO 225MG C/120ML,,,,,$13.71,0,$0.00
7.50105E+12,,,DEXTROSA CLORUROSODICA  ( CLORURO DE SODIO / GLUCOSA ) SOL. INY 0.9% / 0.5% C / 1000,,,,,$39.48,0,$0.00
7.50105E+12,,,DEXTROSA CLORUROSODICA ( CLORURO DE SODIO /GLUCOSA ) SOL. INY 0.9% /0.5%  C/500ML,,,,,$12.00,0,$0.00
DIAZEPAM,,,DIAZEPAM ( PSICOFARMA ) SOLUCION INY 10 MG/2 ML,,,,,$250.00,0,$0.00
7.50113E+12,,,DIAZEPAM ( RELAZEPAM ) INY 10 MG / 2 ML,,,,,$80.00,0,$0.00
7.50135E+12,,,DICLOFENACO ( AMSA ) SOLUCION INY 75 MG/3ML C/2,,,,,$15.98,30,$479.40
7.502E+12,,,DICLOFENACO ( ATALAK ) SOL INYECTABLE 75MG C/2 AMP,,,,,$19.54,0,$0.00
7.50222E+12,,,DICLOFENACO ( AVIVIA ) TAB 100 MG,,,,,$7.31,0,$0.00
7.50221E+12,,,DICLOFENACO ( CALAFFER ) SUSPENSION 15MG C/20ML,,,,,$58.11,18,"$1,045.98"
7.502E+12,,,DICLOFENACO ( DOLFLAM ) SOL INYECTABLE 75MG/3ML C/2AMP,,,,,$22.74,0,$0.00
7.503E+12,,,DICLOFENACO ( MAFENA ) TABLETA 50 MG C/ 20,,,,,$13.44,0,$0.00
7.80083E+11,,,DICLOFENACO ( VOLFENAC ) GEL 1.235% C/60GR,,,,,$22.35,10,$223.50
7.80083E+11,,,DICLOFENACO ( VOLFENAC RETARD ) TABLETAS 100MG,,,,,$14.37,0,$0.00
7.50225E+12,,,DICLOFENACO (DIFETRIL) SOL INY 75MG,,,,,$10.09,0,$0.00
7.502E+12,,,DICLOFENACO (DOLFLAM) SOL INY 75MG/3ML,,,,,$37.45,0,$0.00
7.50201E+12,,,DICLOFENACO (MEDIGEN) TABLETA 100 MG C/20,,,,,$6.67,0,$0.00
7.502E+12,,,DICLOFENACO (SONS) SOL INYC/2 AMPTAS75 MG/3ML,,,,,$17.96,0,$0.00
7.80083E+11,,,DICLOFENACO (VOLFENAC) SOL INY 75MG/3ML,,,,,$33.33,0,$0.00
7.80083E+11,,,DICLOFENACO (VOLFENAC) SOL INYECTABLE 75MG/3ML C/2AMP,,,,,$18.45,0,$0.00
7.50222E+12,,,DICLOFENACO / COMPLEJO B ( AVIVIA ) TAB 50 MG / 50 MG C/30,,,,,$31.14,0,$0.00
6.56599E+11,,,DICLOFENACO / PARACETAMOL ( TOFEL ) TAB 50/500MG C/10,,,,,$33.59,30,"$1,007.70"
7.80083E+11,,,DICLOFENACO 2.32% ( VOLFENAC GEL ) GEL 100 GR,,,,,$41.38,0,$0.00
7.50221E+12,,,DICLOFENACO ÁCIDO LIBRE (DOFLATEM) SUSPENSIÓN 0.18G/ 100ML C/120ML,,,,,$78.39,0,$0.00
7.85119E+11,,,DICLOFENACO DIETILAMONIO ( FENAGEL ) 1.160% GEL TUBO 60G,,,,,$17.98,0,$0.00
7.503E+12,,,DICLOFENACO RETARD (MAFENA)TABLETAS 100 MG C/20,,,,,$13.16,0,$0.00
7.503E+12,,,DICLOXACILINA (  AMIFARIN ) CAPSULAS 500MG C/ 20 CAPSULAS,,,,,$32.87,0,$0.00
7.503E+12,,,DICLOXACILINA ( AMIFARIN ) CAPS. 250MG C/20,,,,,$26.57,0,$0.00
7.503E+12,,,DICLOXACILINA ( AMIFARIN ) CAPSULAS 500MG C/12,,,,,$24.72,0,$0.00
7.503E+12,,,DICLOXACILINA ( AMIFARIN ) SUSPENSIÓN 250MG/5ML,,,,,$24.71,16,$395.36
7.50221E+12,,,DICLOXACILINA ( BUTIMAXIL ) CAP 500MG C/20,,,,,$29.44,0,$0.00
7.50221E+12,,,DICLOXACILINA (BUTIMAXIL) SUSPENSION  250mg,,,,,$24.49,0,$0.00
7.502E+12,,,DICLOXACILINA (DICLEOPHEN) CAPSULAS 500 MG C/12 CAPS,,,,,$27.58,0,$0.00
7.70213E+12,,,DIFENHIDRAMINA ( BENADRYL ) 250MG 100ML JARABE,,,,,$110.00,0,$0.00
7.50154E+12,,,DIFENHIDRAMINA ( BRUDIFEN ) JARABE 250MG/100ML C/120ML,,,,,$12.70,0,$0.00
7.50149E+12,,,DIFENHIDRAMINA ( DINEHISTAT ) SOL INYECTABLE 10MG C/1,,,,,$107.47,9,$967.23
7.50113E+12,,,DIFENHIDRAMINA ( INDUMIR ) CAPSULAS 25MG,,,,,$21.63,0,$0.00
6.56599E+11,,,DIFENHIDRAMINA ( VICNITE ) CAPSULAS 25 MG C/20,,,,,$18.03,0,$0.00
6.56599E+11,,,DIFENHIDRAMINA ( VICNITE) CAPSULAS 50 MG C/20,,,,,$40.48,0,$0.00
7.50156E+12,,,DIFENHIDRAMINA (BIONARYL) JARABE 250MG/100ML C/120 ML,,,,,$8.30,0,$0.00
7.50223E+12,,,DIFENHIDRAMINA (GELPHAMA) CAPSULAS 25MG,,,,,$18.89,0,$0.00
7.50201E+12,,,DIFENHIDRAMINA JARABE 100 ML,,,,,$20.25,0,$0.00
7.50223E+12,,,DIFENHIDRAMINA(GELPHARMA)CAPSULAS 25MG,,,,,$35.51,0,$0.00
7.50135E+12,,,DIFENIDOL ( AMSA ) INYECTABLE 40MG/2ML C/2,,,,,$13.66,0,$0.00
7.502E+12,,,DIFENIDOL ( DIPHAFEN ) INYECTABLE  40MG / 2ML C/2,,,,,$21.86,10,$218.60
7.50223E+12,,,DIFENIDOL ( RAAMFEN ) TABLETAS 25MG C/30,,,,,$14.00,40,$560.00
7.502E+12,,,DIFENIDOL ( SONS ) TABLETAS 25MG C/30,,,,,$21.18,0,$0.00
7.50148E+12,,,DIFENIDOL (NORMAVOM) INYECTABLE 40 MG,,,,,$9.89,0,$0.00
7.502E+12,,,DIMENHIDRATO (VOMISIN) SOLUCION 25MG/ML GOTAS INFANTIL,,,,,$53.64,0,$0.00
7.50223E+12,,,DIMENHIDRINATO ( GROOBE ) CAPSULAS 50 MG C/24,,,,,$23.07,0,$0.00
7.502E+12,,,DIMENHIDRINATO ( VOMISIN ) SOLUCIÓN INYECTABLE 50MG/1ML  C/3,,,,,$37.49,0,$0.00
7.502E+12,,,DIMENHIDRINATO ( VOMISIN ) TABLETAS  50mg  C/ 20,,,,,$36.13,17,$614.21
10112020,,,DIMERO D,,,,,$590.00,0,$0.00
7.50183E+12,,,DIMETICONA ( DINTREFERGOT ) SUSPENSIÓN 100MG/ML C/30ML,,,,,$30.69,0,$0.00
7.50221E+12,,,DIMETICONA (DIOTEXONA) GOTAS 10G/100ML C/ 30 ML,,,,,$35.84,0,$0.00
7.50156E+12,,,DINITRATO DE ISOSORBIDA  ( RANDALL ) 10 MG C/20TAB,,,,,$8.62,0,$0.00
7.50108E+12,,,DINITRATO DE ISOSORBIDA (DEBISOR),,,,,$44.09,0,$0.00
7.50108E+12,,,DINITRATO DE ISOSORBIDA (DEBISOR) TAB 10MG C/20,,,,,$7.68,0,$0.00
3.58219E+12,,,DIOSMETITA ( IPRIKENE ) POLVO SABOR FRESA 3G,,,,,$294.70,0,$0.00
3.58219E+12,,,DIOSMETITA ( IPRIKENE ) POLVO SABOR NARANJA 3G,,,,,$294.70,0,$0.00
7.50224E+12,,,DIOSMINA (MEVEDIM) TAB,,,,,$50.00,0,$0.00
7.50149E+12,,,DIOSMINA / HESPERIDINA ( CISTENOL ) TABLETA 450 MG/ 50 MG,,,,,$55.06,0,$0.00
7.50201E+12,,,DIOSMINA / HESPERIDINA ( FLAUSIVER ) TABLETAS 450MG-50MG,,,,,$63.53,20,"$1,270.60"
7.50221E+12,,,DIOSMINA / HESPERIDINA (LOEFFLER) TABLETAS 450MG-50MG,,,,,$55.46,0,$0.00
7.50201E+12,,,DIOSMINA / HESPERIDINA (MEDIGEN) TABLETAS 450/50,,,,,$43.98,0,$0.00
7.50108E+12,,,DIOSMINA / HESPERIDINA (ROVEMAX),,,,,$53.38,0,$0.00
CO2,,,DIOXIDO DE CARBONO ( CO2 ),,,,,$100.00,0,$0.00
7.502E+12,,,DIPROPIONATO DE BETAMETASONA / FOSFATO SODIOCO DE BETAMETASONA ( DISON'S DEX ) SOL. INY. 5 MG/2 MG,,,,,$32.58,10,$325.80
7.50113E+12,,,DIU DENTILAB,,,,,$20.27,0,$0.00
7.50221E+12,,,DIU INTRAUTERINO,,,,,$20.27,0,$0.00
7.80083E+11,,,DIYODOHIDROXIQUINOLEÍNA / CARBON VEGETAL ACTIVADO / FURAZOLIDONA / HOMATROPINA  ( DIALGIN ) TABLETAS,,,,,$72.21,0,$0.00
7.80083E+11,,,DIYODOHIDROXIQUINOLEINA/CARBON VEGETAL/FURAZOLIDONA/METILBROMURO (THRECHOP) TABS,,,,,$80.70,0,$0.00
75017156,,,DOXICICLINA  (VIVRADOXIL) TABLETAS 100MG,,,,,$26.21,0,$0.00
7.50148E+12,,,DOXICICLINA ( PERIOSAN ) TABLETAS 100MG C/10,,,,,$23.60,0,$0.00
7.50223E+12,,,DOXICICLINA ( ROXIDOLIN ) CAPSULAS 100 MG C/10CAP,,,,,$21.06,0,$0.00
7.50149E+12,,,DOXICICLINA (KENSICLEN) TAB 100 MG CON 10 CAPSULAS,,,,,$24.65,0,$0.00
7.50224E+12,,,DOXILAMINA / SUCCINATO / PIRIDOXINA HCI (BONJESTA) TAB 20MG/20MG C/20,,,,,$356.36,0,$0.00
7.50201E+12,,,DROPROPIZINA ( BIOXOVER ) JARABE 300MG/100ML,,,,,$27.49,90,"$2,474.10"
7.50221E+12,,,DROPROPIZINA ( GANTAMIN ) JARABE 350MG / 100 ML,,,,,$29.51,50,"$1,475.50"
7.50109E+12,,,DROPROPIZINA ( TROFERIT ) TABLETAS 30MG  C/15,,,,,$135.59,0,$0.00
7.50108E+12,,,DROPROPIZINA (LETOAZIN) JARABE300 MG C/FRASCO 120ML,,,,,$25.11,0,$0.00
7.50201E+12,,,DULOXETINA ( IDELIVER PRO ) TAB 60 MG C 14,,,,,$54.87,0,$0.00
7.57528E+11,,,DUVALIN,,,,,$1.03,0,$0.00
USGPROSTRESIDUAL,,,ECO PROSTATICO C/ORINA RESIDUAL,,,,,$650.00,0,$0.00
7.50172E+12,,,ECODINE ESPUMA,,,,,$29.15,0,$0.00
7.50172E+12,,,ECODINE SOLUCION FCO C/120 ML,,,,,$34.99,0,$0.00
ECO-ABD-SUP,,,ECOGRAFIA ABDOMEN SUPERIOR,,,,,$440.00,0,$0.00
ECO-ABD-TOT,,,ECOGRAFIA ABDOMINAL TOTAL,,,,,$400.00,0,$0.00
ECO-APEND,,,ECOGRAFIA APENDICE,,,,,$480.00,0,$0.00
ECO-MASASUP,,,ECOGRAFIA DE MASA SUPERFICIAL,,,,,$450.00,0,$0.00
ECO-PROST,,,ECOGRAFIA DE PROSTATA,,,,,$400.00,0,$0.00
ECO-2D,,,ECOGRAFIA OBSTETRICO 2D,,,,,$399.00,0,$0.00
ECO-3D,,,ECOGRAFIA OBSTETRICO 3D,,,,,$360.00,0,$0.00
ECO-4D,,,ECOGRAFIA OBSTETRICO 4D,,,,,$400.00,0,$0.00
ECO-5D,,,ECOGRAFIA OBSTETRICO 5D,,,,,$440.00,0,$0.00
ECO-GEM,,,ECOGRAFIA OBSTETRICO GEMELAR,,,,,$400.00,0,$0.00
ECO-PELV,,,ECOGRAFIA PELVICA,,,,,$370.00,0,$0.00
ECO-REN,,,ECOGRAFIA RENAL,,,,,$400.00,0,$0.00
ECO-VES,,,ECOGRAFIA VESICULA,,,,,$400.00,0,$0.00
6682145,,,EGO (EXAMEN GENERAL DE ORINA),,,,,$45.00,0,$0.00
999,,,ELASTASA-1 PANCREÁTICA,,,,,"$4,010.00",0,$0.00
SERVICIO 6,,,ELECTROCARDIOGRAMA,,,,,$332.00,0,$0.00
7.50113E+12,,,ELECTROLIT COCO,,,,,$18.88,0,$0.00
7.50113E+12,,,ELECTROLIT FRESA,,,,,$21.38,0,$0.00
7.50113E+12,,,ELECTROLIT FRESA KIWI,,,,,$18.88,0,$0.00
7.50113E+12,,,ELECTROLIT LIMA-LIMON,,,,,$20.64,0,$0.00
7.50113E+12,,,ELECTROLIT MANZANA,,,,,$18.88,0,$0.00
7.50113E+12,,,ELECTROLIT PED FRESA 500ML,,,,,$16.69,0,$0.00
7.50113E+12,,,ELECTROLIT PIÑA,,,,,$17.79,0,$0.00
7.50113E+12,,,ELECTROLIT UVA,,,,,$18.88,0,$0.00
6682137,,,ELECTROLITOS EN ORINA DE 24 HRS,,,,,$190.00,0,$0.00
031ES4,,,"ELECTROLITOS SÉRICOS (Na, K, Cl, Ca)",,,,,$200.00,0,$0.00
168.2,,,"Electrolitos Séricos (Na, K, Cl, Ca, P, Mg)",,,,,$230.00,0,$0.00
6682136,,,"ELECTROLITOS SERICOS (Na,K,Cl)",,,,,$125.00,0,$0.00
6682364,,,"ELECTROLITOS URINARIOS (NA, K, CL)",,,,,$120.00,0,$0.00
47,,,ELISA (ANTICUERPOS ANTI-HIV DUO),,,,,$135.00,0,$0.00
7.50103E+12,,,EMPAGLIFLOZINA / METFORMINA (JARDIANZ DUO) TABLETAS 12.5MG/850MG,,,,,"$1,560.00",0,$0.00
7.50103E+12,,,EMPAGLIFLOZINA/LINAGLIPTINA ( JARDIANZ DPP ) TABLETA 25 MG/5 MG  C/30,,,,,"$2,524.49",0,$0.00
7.50103E+12,,,EMPAGLIFLOZINA/METFORMINA (JARDIANZ DUO) TABLETAS 12.5 MG/ 850 MG,,,,,"$1,189.00",0,$0.00
7.50223E+12,,,ENALAPRIL  ( OVALAC ) 10 MG CAJA CON 30 TABLETAS,,,,,$6.78,0,$0.00
7.50156E+12,,,ENALAPRIL ( BIORESEARCH ) TABLETAS 10MG,,,,,$5.62,0,$0.00
7.50222E+12,,,ENALAPRIL ( ULTRA ) TABLETAS 10MG C/30,,,,,$6.74,0,$0.00
7.50157E+12,,,ENALAPRIL (VEXOTIL) TAB 10 MG C/30,,,,,$6.33,0,$0.00
7.50222E+12,,,ENALAPRIL 10 MG C/30 TAB,,,,,$8.24,5,$41.20
7.50201E+12,,,ENOXAPARINA SODICA ( EMIPRIL ) INYECTABLE 60MG/.6ML C/2,,,,,$563.00,0,$0.00
7.50227E+12,,,ENVACAL ACIDO FOLICO TAB. ( 400 MG )90 TBL,,,,,$13.79,0,$0.00
6682138,,,EOSINOFILOS EN MOCO NASAL,,,,,$65.00,0,$0.00
6682140,,,EOSINOFILOS FARINGEOS,,,,,$50.00,0,$0.00
7.50223E+12,,,EPINASTINA  ( EMPROXEC ) TABLETAS 20MG,,,,,$41.18,0,$0.00
7.50108E+12,,,EPINASTINA  ( PAFERLU )  TABLETAS 20MG C/10,,,,,$47.44,0,$0.00
7.50222E+12,,,EPINASTINA  (ULTRA) TABLETAS 20 MG C/10,,,,,$40.00,0,$0.00
7.50113E+12,,,EPINEFRINA ( PINADRINA ) 1MG/ML,,,,,$7.30,0,$0.00
7.50201E+12,,,ERISPAN LORATADINA/BETAMETASONA TAB 5.00 0.25MG,,,,,$15.17,0,$0.00
7.50156E+12,,,ERITROMICINA ( BIORESEARCH ) TABLETAS 500MG C/20,,,,,$47.65,10,$476.50
7.50184E+12,,,ERITROMICINA ( ERITROLAT ) SUSP 125MG/5ML C/60ML,,,,,$29.47,10,$294.70
7.50147E+12,,,ERITROMICINA ( ERITROVIER-S ) SUSPENSION 250 MG/ 5ML,,,,,$47.25,0,$0.00
7.50119E+12,,,ERITROMICINA ( LATOTRYD) TABLETAS 500 MG C/20,,,,,$43.00,0,$0.00
7.50223E+12,,,ERITROMICINA (ALPHARMA) TABLETAS 500 MG C/20,,,,,$44.80,0,$0.00
7.50147E+12,,,ERITROMICINA (ERITROVIER-T) TABLETAS 500MG,,,,,$48.28,0,$0.00
7.503E+12,,,ERITROMICINA (TROPHARMA ) TAB.500 C/20,,,,,$43.26,0,$0.00
7.50149E+12,,,ERTAPENEM ( FINATAK )  1 GR SOL INY,,,,,$781.61,0,$0.00
7.50113E+12,,,ESPEJO VAGINAL DESECHABLE NO ESTERIL,,,,,$13.80,0,$0.00
7.50113E+12,,,ESPEJO VAGINAL ESTERIL MEDIANO,,,,,$15.11,80,"$1,208.80"
6682141,,,ESPERMOCULTIVO,,,,,$150.00,0,$0.00
7.50105E+12,,,ESPONJA GASA ( PROTEC ) 10 X 10,,,,,$0.82,0,$0.00
MA26-46,,,ESTETOSCOPIO CLINICAL CARDIOLOGY 940,,,,,$320.00,0,$0.00
172,,,ESTRADIOL,,,,,$250.00,0,$0.00
7.50222E+12,,,ESTROGENOS CONJUGADOS  (ULTRA) CREMA 62.5GMG C/43G,,,,,$269.66,0,$0.00
7.50222E+12,,,ESTROGENOS CONJUGADOS ( AVIVIA ) CREMA 62.5MG C/1 TUBO 43GR,,,,,$269.66,0,$0.00
6682144,,,ESTROGENOS TOTALES,,,,,$220.01,0,$0.00
7.5011E+12,,,ETORICOXIB / TRAMADOL 90 MG / 50 MG (ETRAL-TR) GRANULADO,,,,,$460.66,0,$0.00
7.14707E+11,,,EUCALIPTO / GORDOLOBO / SAUCO ( BICOESTOL CEREZA ) PASTILLAS 2.5G C/8,,,,,$15.26,0,$0.00
7.14707E+11,,,EUCALIPTO / GORDOLOBO / SAUCO ( BICOESTOL NARANJA ) PASTILLAS 2.5G C/8,,,,,$15.26,0,$0.00
PAQ EMPRESA,,,EXAMEN MEDICO EMPRESA,,,,,$288.10,0,$0.00
SER>52530,,,EXAMEN MEDICO EMPRESA,,,,,$300.00,0,$0.00
1007,,,EXAMENES CLINICOS MEDICOS,,,,,$770.24,0,$0.00
7.50108E+12,,,EZETIMIBA / SIMVASTATINA ( MIASIMBAG ) TABLETAS 10MG/20MG   C/14TABS,,,,,$76.97,0,$0.00
7.50108E+12,,,EZETIMIBA / SIMVASTATINA ( MIASIMBAG ) TABLETAS 10MG/20MG C/28,,,,,$138.41,0,$0.00
560,,,FACTOR DE CRECIMIENTO (IGFBP3),,,,,$730.00,0,$0.00
175,,,FACTOR DE CRECIMIENTO INSULINA (IGF-1),,,,,$425.00,0,$0.00
6682146,,,FACTOR REUMATOIDE,,,,,$65.00,0,$0.00
401,,,FACTOR X DE COAGULACION,,,,,$420.00,0,$0.00
SINSIN50568,,,FEMUR COMPARATIVO 4 POSICIONES,,,,,$720.00,0,$0.00
7.85119E+11,,,FENAZOPIRIDINA  (UREZOL)  TABLETAS 100MG C/20,,,,,$33.98,59,"$2,004.82"
7.50223E+12,,,FENAZOPIRIDINA ( DESLOTRIM ) TABLETAS 100 MG C/20,,,,,$24.42,0,$0.00
7.50156E+12,,,FENAZOPIRIDINA 100 MG TABLETAS,,,,,$20.00,5,$100.00
7.50201E+12,,,FENILEFRINA / LORATADINA ( LARITOL D ) TAB 30 MG / 5 MG C / 10 TAB,,,,,$39.76,0,$0.00
7.50305E+12,,,FENOFIBRATO ( AVIVIA ) CAP 160 MG C/ 30,,,,,$123.60,0,$0.00
7.50305E+12,,,FENOFIBRATO ( AVIVIA )CAPS 160 MG C/30,,,,,$218.39,3,$655.17
7.50126E+12,,,FENOFIBRATO ( CORDIALIBREL ) TABS 160MG C/30,,,,,$318.20,0,$0.00
7.50128E+12,,,FENOFIBRATO (FIROLIB) TABLETAS 160MG C/30,,,,,$259.31,0,$0.00
8511121800 -Ferritina,,,FERRITINA,,,,,$380.00,0,$0.00
LABLAB31857,,,FERRITINA,,,,,$380.00,0,$0.00
6.53341E+11,,,FERULA DE DEDO TIPO RANITA,,,,,$53.96,0,$0.00
7.50664E+12,,,FERULA PARA DEDO TIPO RANA (MEDIANA),,,,,$31.51,0,$0.00
7.50664E+12,,,FERULA PARA DEDO TIPO RANA( GRANDE ),,,,,$31.51,0,$0.00
7.50117E+12,,,FEXOFENADINA ( ALLEGRA ) SUSP PEDIATRICA 600MG C/150,,,,,$439.82,0,$0.00
7.50135E+12,,,FEXOFENADINA ( AMSA ) TABLETAS 18OMG C/10,,,,,$44.12,0,$0.00
7.50157E+12,,,FEXOFENADINA ( BIOSTAFEX ) TAB 120MG C/10,,,,,$32.58,0,$0.00
7.50223E+12,,,FEXOFENADINA ( DESROTAN ) TAB 180MG C/10,,,,,$41.18,10,$411.80
7.50135E+12,,,FEXOFENADINA (AMSA) COMPRIMIDO 120 MG,,,,,$33.41,10,$334.10
210121,,,FIBRINOGENO,,,,,$200.00,0,$0.00
808,,,FIT DE EVACUACION ( HEMOGLOBINA FECAL ),,,,,$420.00,0,$0.00
7.50135E+12,,,FLUCONAZOL 150 MG C/1 CAP ( AMSA ),,,,,$11.53,0,$0.00
7.50221E+12,,,FLUTICASONA ( FHISFLUNAL ) SUSPENSION 50 MG C / 10.2 ML (120 DOSIS),,,,,$194.06,0,$0.00
8.90112E+12,,,FLUTICASONA ( INNUBE ) SUSPENSION 50 MG C / 14.5ML,,,,,$172.41,0,$0.00
SERVICIO 51,,,FORMATO MEDICO,,,,,$415.00,0,$0.00
181,,,FOSFASA ALCALINA,,,,,$100.00,0,$0.00
9191,,,FOSFATASA ACIDA / FOSFATASA PROSTATICA,,,,,$190.00,0,$0.00
7.50133E+12,,,FOSFOMICINA (MONUROL) SOBRE 3G C/1,,,,,$344.66,0,$0.00
85121800-189,,,FOSFORO SERICO,,,,,$55.00,0,$0.00
7.50223E+12,,,FOSHLENN ( CLINDAMICINA ) CAJA C/ 16 CAPSULAS 300 MG,,,,,$31.95,0,$0.00
6682156,,,FROTIS EN SANGRE PERIFERICA,,,,,$60.00,0,$0.00
187,,,FTA ABS ANTICUERPOS ANTI TREPONEMA,,,,,$750.00,0,$0.00
6.37421E+11,,,FUMARATO FERROSO / ÁCIDO FÓLICO ( FERLOR A. F ),,,,,$44.57,5,$222.85
7.50222E+12,,,FUMARATO FERROSO / ACIDO FOLICO ( ULTRA ) TAB 350MG / 1 MG,,,,,$25.11,0,$0.00
7.50222E+12,,,FUMARATO FERROSO / ACIDO FOLICO (AVIVIA) TAB 350MG/1MG C/30,,,,,$21.93,0,$0.00
7.50222E+12,,,FUMARATO FERROSO / ÁCIDO FÓLICO (YEMIFER-HE) TABLETAS 350MG/1MG,,,,,$16.97,0,$0.00
FUNDA,,,FUNDA DESECHABLE P/ALMOHADA NO ESTERIL 50 X 70,,,,,$35.96,20,$719.20
7.80083E+11,,,FURAZOLIDONA / DIYODOHIDROXIQUINOLEÍNA / CAOLIN / PECTINA/  HOMATROPINA ( DIALGIN ) SUSPENSION 120ML,,,,,$12.72,6,$76.32
7.80083E+11,,,FURAZOLIDONA / DIYODOHIDROXIQUINOLEÍNA / CAOLIN / PECTINA/  HOMATROPINA ( THRECHOP ) SUSPENSION 120ML,,,,,$35.88,0,$0.00
7.50148E+12,,,FUROSEMIDA  (FURODIUROL) INYECTABLE 20MG,,,,,$16.00,0,$0.00
7.50135E+12,,,FUROSEMIDA ( AMSA ) SOL INY 20MG/2ML C/5,,,,,$13.56,3,$40.68
7.50157E+12,,,FUROSEMIDA ( DIURMESSEL ) TAB 40 MG. C/20,,,,,$9.09,30,$272.70
7.50156E+12,,,FUROSEMIDA (BIOMISEN) TAB 40MG,,,,,$9.01,0,$0.00
7.50156E+12,,,FUROSEMIDA 40 MG TABLETAS,,,,,$8.33,0,$0.00
7.50135E+12,,,GABAPENTINA ( AMSA ) CAPSULA 300 MG C / 30,,,,,$37.47,0,$0.00
7.50224E+12,,,GABAPENTINA ( WERMY ) CAPS/ 300MG C / CON 30,,,,,$36.21,5,$181.05
7.50224E+12,,,GABAPENTINA ( WERMY ) CÁPSULAS 300MG C/15,,,,,$22.51,0,$0.00
7.85121E+11,,,GABAPENTINA (REGALDEN) 300MG C/15,,,,,$43.15,0,$0.00
7.50222E+12,,,GABAPENTINA 300 MG CAPSULAS (AVIVIA),,,,,$44.21,0,$0.00
7.50222E+12,,,GABAPENTINA 300MG (AVIVIA),,,,,$26.22,0,$0.00
7.50135E+12,,,GABAPENTINA 300MG CAP (AMSA),,,,,$25.78,0,$0.00
6682159,,,GAMAGLUTAMILTRANSPEPTIDASA GGT,,,,,$70.00,0,$0.00
GARRAFON DE AGUA,,,GARRA,,,,,$69.50,0,$0.00
7.503E+12,,,GASA ESTERIL ( QUIRURMEX ) 10CM  X 10CM,,,,,$1.03,200,$206.00
7.503E+12,,,GASA ESTERIL 10 X10,,,,,$1.11,0,$0.00
7.503E+12,,,GASA ESTERILIZADA 7.5CM X 5CM,,,,,$0.68,0,$0.00
7.59684E+11,,,GASA JALOMA (C/10 SOBRES),,,,,$8.83,0,$0.00
7.59684E+11,,,GASA JALOMA 10 X 10,,,,,$1.09,0,$0.00
7.59684E+11,,,GASA JALOMA 7.5CM X 5CM,,,,,$0.67,0,$0.00
7.50105E+12,,,GASA PROTEC (CAJA C/ 100 PZ),,,,,$1.56,600,$936.00
7.503E+12,,,GASA QUIRMEX 10 CM X 10 CM,,,,,$1.34,0,$0.00
7.50102E+12,,,GATORADE FIRCE 350 ML,,,,,$6.00,0,$0.00
1,,,GAUNTES NITRILO,,,,,$10.00,0,$0.00
7.50163E+12,,,GEL PARA ULTRASONIDO ( ELECTROGEL ),,,,,$50.92,0,$0.00
4.0059E+12,,,GEL REFRESCANTE HIDRATANTE (NIVEA),,,,,$89.53,0,$0.00
7.50222E+12,,,GLIBENCLAMIDA ( AVIVIA ) TAB 5mg C/50,,,,,$14.09,0,$0.00
7.50157E+12,,,GLIBENCLAMIDA ( OCRIX ) TABLETAS 5MG C/50,,,,,$7.20,7,$50.40
7.50222E+12,,,GLIBENCLAMIDA ( ULTRA ) TAB 5 MG C/50,,,,,$16.85,0,$0.00
6682363,,,GLOBULINA,,,,,$60.00,0,$0.00
720,,,GLOBULINA HORMONA SEXUAL(SHBG),,,,,$650.00,0,$0.00
7.50304E+12,,,GLUCOMETRO,,,,,$868.53,0,$0.00
7.50046E+11,,,GLUCOMETRO ACTIVE,,,,,$674.10,0,$0.00
6682162,,,GLUCOSA,,,,,$40.00,0,$0.00
7.50105E+12,,,GLUCOSA 50 % ( KABIDECS ) 50 ML,,,,,$20.00,0,$0.00
6682163,,,"GLUCOSA CARGA 100GR (BASAL, 1 ,2 Y 3 HORAS) 4 TUBOS",,,,,$190.00,0,$0.00
6682164,,,GLUCOSA CARGA 50GR. (BASAL Y 1 HORA) 2 TUBOS,,,,,$135.00,0,$0.00
6682165,,,GLUCOSA CARGA 75GR. (BASAL HORA Y 2 HORAS) 3 TUBOS,,,,,$185.00,0,$0.00
6682161,,,GLUCOSA EN ORINA,,,,,$30.00,0,$0.00
181220,,,GLUCOSA POSTPRANDIAL,,,,,$65.00,0,$0.00
7.50105E+12,,,GLUCOSA SOLUCION 10% 500 ML (DEXTRALPHA),,,,,$21.32,0,$0.00
7.50105E+12,,,GLUCOSA SOLUCION 5% ( DEXTRALPHA ) C /250 ML,,,,,$14.02,0,$0.00
7.50159E+12,,,GLUCOSAMINA / CONDROITINA / ACIDO ASCORBICO ( FLEXTRIN ) COMPRIMIDOS C /30,,,,,$63.79,0,$0.00
6682167,,,GONADOTROFINA CORIÓNICA CUANTITATIVA (HCG B),,,,,$285.00,0,$0.00
196,,,Gonadotrofina coriónica semicuantitativa (B HCG),,,,,$165.00,0,$0.00
7.85119E+11,,,GRALOXEN GEL SUSP MAGALDRATO/ DIMETICONA ( 250 ML ) MENTA/ HERBABUENA,,,,,$53.30,0,$0.00
6682168,,,GRAM (BACTEROLOGIA),,,,,$40.00,0,$0.00
6682169,,,GRUPO RH,,,,,$50.00,0,$0.00
7.50112E+12,,,GUAIFENESINA / DEXTROMETORFANO ( BRE-A-COL ADULTO ) JARABE 2.0 G / 0.2 G  C/ 120 ML,,,,,$99.83,0,$0.00
7.50112E+12,,,GUAIFENESINA / DEXTROMETORFANO (BRE-A-COL INFANTIL) JBE 1.0G/ 120 ML,,,,,$98.01,0,$0.00
7.50222E+12,,,GUAIFENESINA / OXOLAMINA  (GUAXOQUIM) JARABE 2G-1G-100ML C/140ML,,,,,$39.60,5,$198.00
7.50183E+12,,,GUAIFENESINA / PARECETAMOL / CLORHIDRATO DE FENILEFRINA / MALEATO DE CLORFENAMINA (DEQUIN) SOL INFANTIL,,,,,$38.59,13,$501.67
7.50113E+12,,,GUANTE D/LATEX EST. CIRUJANO 8.5,,,,,$7.91,0,$0.00
7.50222E+12,,,"GUANTE DE LATEX BAJO EN POLVO ROSA, TALLA CH ( NO ESTERIL)",,,,,$264.00,0,$0.00
7.50222E+12,,,GUANTE DE LATEX ESTERIL CH AMBIDERM,,,,,$177.77,0,$0.00
7.50222E+12,,,GUANTE DE LATEX ESTERIL MEDIANO AMBIDERM,,,,,$185.60,6,"$1,113.60"
22015180,,,GUANTE DE NITRILO NEGRO MED NE MC GLOVES,,,,,$127.60,0,$0.00
7.50222E+12,,,GUANTE ESTERIL MEDIANO,,,,,$2.73,0,$0.00
7.50222E+12,,,GUANTES DE EXPLORACION ESTERIL GRANDE AMBIDERM,,,,,$185.60,0,$0.00
7.50105E+12,,,GUANTES DE EXPLORACION LATEX CHICOS ESTERIL,,,,,$185.59,0,$0.00
7.50105E+12,,,GUANTES DE EXPLORACION LATEX GRANDE,,,,,$163.75,0,$0.00
7 010 89 3403,,,GUANTES DE EXPLORACION LATEX MEDIANO,,,,,$250.00,0,$0.00
7.50105E+13,,,GUANTES DE EXPLORACION MEDIANO PROTEC,,,,,$250.00,0,$0.00
SINSIN39684,,,GUANTES DE EXPLORACION MEDIANOS ESTERILES,,,,,$287.00,0,$0.00
7.50105E+12,,,GUANTES DE EXPLORACION NO ESTERILES MEDIANOS PROTEC 100P,,,,,$112.52,0,$0.00
7.50222E+12,,,"GUANTES DE LATEX BAJO EN POLVO NEGRO, TALLA M, NO ESTERIL",,,,,$126.60,0,$0.00
EQUINS51850,,,GUANTES DE LATEX ESTERIL GDE. (AMBIDERM),,,,,$3.00,2,$6.00
7.50222E+12,,,GUANTES DE LATEX GRANDE AMBIDERM,,,,,$170.90,0,$0.00
7.50222E+12,,,GUANTES DE LATEX MEDIANO AMBIDERM,,,,,$132.58,0,$0.00
7.50222E+12,,,GUANTES DE LATEX NO ESTERIL ( AMBIDERM ),,,,,$110.70,0,$0.00
7.50105E+12,,,GUANTES DE LATEX NO ESTERIL CHICO PROTEC,,,,,$206.46,0,$0.00
7.50222E+12,,,GUANTES DE LATEX TALLA CHICA AMBIDERM,,,,,$215.15,0,$0.00
4.25037E+12,,,GUANTES DE NITRILO CHICO,,,,,$118.70,15,"$1,780.50"
6.57467E+11,,,GUANTES DE NITRILO CHICO NEGRO NO ESTERIL C/100,,,,,$112.68,0,$0.00
7.50105E+12,,,GUANTES DE NITRILO CHICOS NO ESTERIL,,,,,$112.68,0,$0.00
22015669,,,GUANTES DE NITRILO MEDIANO AZUL NO ESTERIL MC GLOVES,,,,,$118.70,24,"$2,848.80"
7.50105E+12,,,GUANTES DE NITRILO MULTIUSOS,,,,,$112.68,0,$0.00
IP-GUNILIMP,,,"GUANTES DE NITRILO TALLA G, NO ESTERIL AZUL",,,,,$112.68,0,$0.00
42132203,,,GUANTES NITRILO GRANDE AZUL NO ESTERIL,,,,,$118.70,13,"$1,543.10"
7.50222E+12,,,GUANTES PARA CIRUJANO 7,,,,,$8.00,0,$0.00
7.50222E+12,,,GUANTES QUIRURGICOS  ( AMBIDERM ELITE ) 7 1/2,,,,,$6.30,0,$0.00
7.50105E+12,,,GUATA 10 CM,,,,,$9.58,10,$95.80
7.50105E+12,,,GUATA 15 CM,,,,,$14.04,5,$70.20
7.50105E+12,,,GUATA 5 CM,,,,,$4.88,36,$175.68
6682170,,,GUAYACO (SANGRE OCULTA EN HECES),,,,,$60.00,0,$0.00
7.50126E+12,,,HARINA DE SOYA / POLIVIDONA ( SERRAL ) POLVO 90G C/1,,,,,$33.74,0,$0.00
999903,,,HEMOCULTIVO,,,,,$650.00,0,$0.00
6682173,,,HEMOGLOBINA,,,,,$40.00,0,$0.00
6682174,,,HEMOGLOBINA GLUCOSILADA (HBA1C),,,,,$140.00,0,$0.00
7.50222E+12,,,HIDROCLOROTIAZIDA (AVIVIA) TABLETAS 25 MG,,,,,$11.76,2,$23.52
7.50201E+12,,,HIDROCLOROTIAZIDA (DIZIVER) 25MG C/20TAB,,,,,$8.05,0,$0.00
7.80083E+11,,,HIDROCORTISONA ( COLLICORT ) CREMA 1.0%,,,,,$32.94,0,$0.00
7.80083E+11,,,HIDROCORTISONA ( COLLICORT ) CREMA 2.5% C/60G,,,,,$69.66,0,$0.00
7.50156E+12,,,"HIDROCORTISONA (LULSADERM-H) CRE,MA 15G",,,,,$23.03,0,$0.00
7.502E+12,,,HIDROCORTISONA / CLORANFENICOL ( PORAL ) OFTALMICO SOLUCION 5ML,,,,,$18.70,0,$0.00
7.50135E+12,,,HIDROCORTISONA / CLORANFENICOL / BENZOCAINA (AMSA) SOL OTICO 10 ML,,,,,$30.94,0,$0.00
7.502E+12,,,HIDROCORTISONA / CLORANFENICOL / BENZOCAINA (PORAL ÓTICO) 10 ML,,,,,$32.87,0,$0.00
7.502E+12,,,HIDROCORTISONA / LIDOCAÍNA / ÓXIDO DE ZINC / SUBACETATO DE ALUMINIO (ZISUAL-C) UNG  2.5MG/50MG/180MG/35MG TUBO C/30G,,,,,$54.12,5,$270.60
7.50221E+12,,,HIDROCORTISONA / LIDOCAÍNA /ÓXIDO DE ZINC / SUBACETATO DE ALUMINIO (FASTERIX) UNGUENTO,,,,,$9.90,0,$0.00
7.502E+12,,,HIDROCORTISONA CREMA (HIDROFFEN),,,,,$27.09,0,$0.00
7.50201E+12,,,HIDROXICLOROQUINA ( HIMANIX ) TABLETA 200MG C/20,,,,,$393.26,0,$0.00
7.50184E+12,,,HIDROXIDO DE ALUMINIO / HIDROXIDO DE MAGNESIO / DIMETICONA ( ULGEL ) 240 ML SUSP,,,,,$29.03,0,$0.00
7.80083E+11,,,HIDROXIDO DE ALUMINIO / HIDROXIDO DE MAGNESIO / DIMETICONA (PLUSGEL) 360ML SUSP,,,,,$32.94,22,$724.68
7.80083E+11,,,"HIDROXIDO DE ALUMINIO / HIDROXIDO DE MAGNESIO / DIMETICONA (PLUSGEL) TABLETAS 200MG, 200MG, 20MG",,,,,$33.85,7,$236.95
7.50183E+12,,,HIDROXIDO DE ALUMINIO / HIDROXIDO DE MAGNESIO / METOCLOPRAMIDA / DIMETICONA (ESPRADEN) 30 TAB.,,,,,$31.36,0,$0.00
7.502E+12,,,"HIDROXIDO DE ALUMINIO, MAGNESIO, SIMETICONA ( EXHANTIL ) SUSP 3.7G, 4G, 0.50G/100ML",,,,,$28.09,0,$0.00
7.50184E+12,,,HIDROXIDO DE ALUMINO/MAGNECIO/DIMETICONA ( ULGEL ) SOLUCION 360 ML,,,,,$39.05,0,$0.00
7.80083E+11,,,HIDROXIPROPILMETILCELULOSA DEXTRAN 70 (OPTALAG),,,,,$24.14,0,$0.00
7.85121E+11,,,HIDROXIZINA ( HIDROXIN ) TAB 10MG C/30,,,,,$36.42,6,$218.52
7.50223E+12,,,HIDROXIZINA (XYLAM) TABLETAS 10MG,,,,,$24.12,0,$0.00
7.50147E+12,,,HIERRO DEXTRAN ( HIRDEX-TEC ) SOLUCIÓN 100MG/2ML,,,,,$74.16,0,$0.00
7.50135E+12,,,HIERRO DEXTRANO (AMSA) SOL. INYECTABLE 100MG C/3,,,,,$60.34,0,$0.00
202,,,HIERRO SERICO,,,,,$160.00,0,$0.00
7.5064E+12,,,HIERRO/ACIDO FOLICO (FERRICOL) SUSPENSION PEDIATRICO 600MG/10MG/100ML C/45ML,,,,,$150.00,0,$0.00
7.50643E+12,,,HIGIENICO JUMBO,,,,,$0.00,0,$0.00
7.50148E+12,,,HIOSCINA ( CRYOPINA ) SOL INY 20 MG C/3 AMPS,,,,,$22.47,0,$0.00
7.50201E+12,,,HIOSCINA ( ESPAFARM ) SOLUCIÓN 6.67MG/ML,,,,,$44.52,30,"$1,335.60"
7.50221E+12,,,HIOSCINA ( FHASPEM ) SOL INYECTABLE 20 MG / 1 ML C/3,,,,,$20.70,0,$0.00
7.50223E+12,,,HIOSCINA ( LEMOPHAR ) INY 20MG C/3 AMP,,,,,$16.31,0,$0.00
7.50135E+12,,,HIOSCINA (AMSA) SOLUCIÓN INYECTABLE 20MG/1ML,,,,,$28.28,0,$0.00
7.23708E+12,,,HIOSCINA (VADISMED) SOL INY 20MG,,,,,$24.05,0,$0.00
7.50128E+12,,,HIOSCINA / IBUPROFENO ( ESPADIVA ) TABLETAS 20MG/400MG,,,,,$61.89,0,$0.00
7.50184E+12,,,HIOSCINA / IBUPROFENO (REALDRAX-MXD) TAB,,,,,$41.78,180,"$7,520.40"
7.80083E+11,,,HIOSCINA / METAMIZOL (PASMODIL)  INYECTABLE 20MG-2.5G,,,,,$20.00,0,$0.00
7.502E+12,,,HIOSCINA / METAMIZOL SÓDICO ( BUSCONET ) SOLUCIÓN INYECTABLE  C/1 AMPOLLETA 5ML,,,,,$33.06,30,$991.80
7.50126E+12,,,HIOSCINA / METAMIZOL SODICO ( SERRAL ) TAB 10MG / 250MG,,,,,$24.54,0,$0.00
7.50184E+12,,,HIOSCINA / PARACETAMOL  ( PRECICOL ) SOLUCIÓN 2MG/100MG/ML,,,,,$38.55,0,$0.00
7.50184E+12,,,HIOSCINA / PARACETAMOL  ( PRECICOL ) SOLUCIÓN 2MG/100MG/ML,,,,,$38.53,0,$0.00
7.50126E+12,,,"HIOSCINA, METAMIZOL SODICO ( SERRALPINA COMPUESTA ) TAB 10 MG / 250 MG",,,,,$26.65,0,$0.00
7.50135E+12,,,HIPROMELOSA (AMSA) SOL OFTALMICA 0.5% C/10ML,,,,,$28.67,40,"$1,146.80"
75049737,,,HIPROMELOSA GOTAS OFTALMICAS (OPKO),,,,,$39.56,0,$0.00
8400005830,,,HIPROMELOSA SOLUCIÓN 10.5%,,,,,$31.00,0,$0.00
HC150,,,HISTORIA CLINICA,,,,,$100.00,0,$0.00
HISTORIA CLINICA,,,HISTORIA CLINICA,,,,,$219.31,0,$0.00
7.5066E+13,,,HOJA BISTURI # 24,,,,,$2.15,200,$430.00
7.50602E+12,,,HOJA P/BISTURI HERGOM NO.15,,,,,$2.11,0,$0.00
99902,,,HOMOCISTEINA,,,,,$640.00,0,$0.00
H1,,,HONORARIO 1,,,,,$30.00,0,$0.00
H2,,,HONORARIO 2,,,,,$90.00,0,$0.00
H3,,,HONORARIO 3,,,,,$150.00,0,$0.00
H4,,,HONORARIO 4,,,,,$200.00,0,$0.00
204,,,HORMONA ADRENOCORTICOTRÓFICA ACTH,,,,,$0.00,0,$0.00
6682182,,,HORMONA ESTIMULANTE DE TIROIDES (TSH),,,,,$140.00,0,$0.00
6682184,,,HORMONA FOLICULO ESTIMULANTE (FSH),,,,,$200.00,0,$0.00
6682185,,,HORMONA LUTEINIZANTE (LH),,,,,$155.00,0,$0.00
12345,,,HUEVITO KINDER SORPRESA,,,,,$27.00,0,$0.00
1234,,,HUEVO KINDER NIÑA,,,,,$259.89,0,$0.00
L015,,,IAPC AMIBA EN FRESCO,,,,,$50.00,0,$0.00
7.50221E+12,,,IBUPROFENO ( AFLENO ) SUSPENSIÓN 2G/100ML,,,,,$24.64,0,$0.00
7.50221E+12,,,IBUPROFENO ( AFLENO ) TABLETAS 600 MG,,,,,$17.64,0,$0.00
7.50221E+12,,,IBUPROFENO ( AFLUSIL ) SUSPENSION 2 G/ 100ML C/ 120 ML,,,,,$17.26,0,$0.00
7.80083E+11,,,IBUPROFENO ( DOLPRIN ) SUSPENSIÓN 2G/100ML,,,,,$23.53,65,"$1,529.45"
7.50201E+12,,,IBUPROFENO ( DOLVER ) TAB / 600 MG,,,,,$18.11,0,$0.00
7.50301E+12,,,IBUPROFENO ( GELUBRIN ) CÁPSULAS 400MG C/10,,,,,$15.60,10,$156.00
7.50303E+12,,,IBUPROFENO ( GELUBRIN ) CAPSULAS 600 MG C/10,,,,,$21.78,200,"$4,356.00"
7.50184E+12,,,IBUPROFENO (ADOPREN) 600MG C/10 TAB.,,,,,$18.71,0,$0.00
7.50223E+12,,,IBUPROFENO (ALGIDOL) CAPSULAS 600 MG,,,,,$26.61,0,$0.00
7.50222E+12,,,IBUPROFENO (FIDOIN-Q) SUSP 40mg/1ml C/15ML,,,,,$38.21,0,$0.00
7.50303E+12,,,IBUPROFENO (GELUBRIN) CAP 400MG C/30,,,,,$37.00,0,$0.00
7.50223E+12,,,IBUPROFENO / CAFEINA ( BRYSBAL ) 400 MG / 100 MG CAPSULA,,,,,$27.01,0,$0.00
7.50148E+12,,,IBUPROFENO / CAFEINA (GELPHARMA) CAPSULAS 400MG/100MG,,,,,$22.57,0,$0.00
7.50148E+12,,,IBUPROFENO / CAFEINA 400MG / 100 MG CAP (GEL PHARMA),,,,,$23.94,0,$0.00
99992,,,IgG e IgM para coccidioides immitis,,,,,"$1,510.00",0,$0.00
25,,,INDICE DE FILTRACION GLOMERULAR ( IFG-GFR ),,,,,$250.00,0,$0.00
6682223,,,INDICE DE HOMA,,,,,$200.00,0,$0.00
7.502E+12,,,"INDOMECTINA / BETAMETASONA / METOCARBAMOL ( ARDOSONS ) CAPSULAS 0.75MG , 25 MG, 215MG",,,,,$56.47,20,"$1,129.40"
7.50155E+12,,,INDOMETACINA / DEXAMETASONA ( INDARZONA ) CAPSULAS 25.00 MG/ 0.5 MG C/30,,,,,$62.62,0,$0.00
7.50222E+12,,,"INDOMETACINA, BETAMETASONA,METOCARBAMOL CAPSULAS 25MG/0.75MG/215MG (ULTRA)",,,,,$30.92,0,$0.00
SERVICIO 54,,,INFILTRACION,,,,,"$1,037.50",0,$0.00
7.50645E+12,,,INHA RUB 20 G UNGUENTO (ALCAN/METOL/EUCA),,,,,$13.62,0,$0.00
6682190,,,INMUNOGLOBULINA E (IgE),,,,,$220.01,0,$0.00
7.50135E+12,,,INSULINA GLARGINA 100UI/ML,,,,,$248.00,0,$0.00
6682351,,,INSULINA SERICA,,,,,$215.00,0,$0.00
INTCAR,,,INTERCONSULTA CARDIOLOGÍA,,,,,$630.00,0,$0.00
INTCIRUJANO,,,INTERCONSULTA CIRUJIA,,,,,$600.00,0,$0.00
INTEND,,,INTERCONSULTA ENDOCRINOLOGÍA,,,,,$720.00,0,$0.00
INTGIN,,,INTERCONSULTA GINECOLOGÍA,,,,,$450.00,0,$0.00
INTMEDINT,,,INTERCONSULTA MEDICINA INTERNA,,,,,$450.00,0,$0.00
INTMI,,,INTERCONSULTA MEDICINA INTERNA,,,,,$400.00,0,$0.00
INTNEF,,,INTERCONSULTA NEFROLOGÍA,,,,,$720.00,0,$0.00
INTNEU,,,INTERCONSULTA NEUMOLOGÍA,,,,,$900.00,0,$0.00
INTNUT,,,INTERCONSULTA NUTRICION,,,,,$315.00,0,$0.00
INTOTO,,,INTERCONSULTA OTORRINOLARINGOLOGÍA,,,,,$540.00,0,$0.00
INTPED,,,INTERCONSULTA PEDIATRÍA,,,,,$360.00,0,$0.00
INT_PEDH,,,INTERCONSULTA PEDIATRIA HUASTECA,,,,,$200.00,0,$0.00
PEDIASOLBES,,,INTERCONSULTA PEDIATRICA,,,,,$200.00,0,$0.00
INTPER,,,INTERCONSULTA PERINATOLOGÍA,,,,,"$1,080.00",0,$0.00
INTTRA,,,INTERCONSULTA TRAUMATOLOGÍA,,,,,$450.00,0,$0.00
SERVICIO 66,,,INTERCONSULTA TRAUMATOLOGIA EMPRESARIAL URGENCIA,,,,,$830.00,0,$0.00
INTURO,,,INTERCONSULTA UROLOGÍA,,,,,$810.00,0,$0.00
7.50125E+12,,,IODOPOVIDONA ( DERMODINE ) ESPUMA 8 G/ 120 ML,,,,,$24.74,1,$24.74
7.50222E+12,,,ITRACONAZOL ( AVIVIA ) CAPSULAS 100MG C/15,,,,,$44.26,0,$0.00
7.50645E+12,,,ITRACONAZOL ( LAB ADN PHARMA ) CAPSULA 100 MG C/15,,,,,$39.72,0,$0.00
7.50222E+12,,,ITRACONAZOL ( ULTRA LABORATORIOS ) 100 MG C/15 CAPS,,,,,$44.78,0,$0.00
7.503E+12,,,ITRACONAZOL / SECNIDAZOL ( SEPIA ) CAPS 33.3 MG/ 166.6 MG  C/16,,,,,$102.13,0,$0.00
7.50201E+12,,,IVERMECTINA ( VERIDEX ) TABLETAS 6 MG C/ 2 TAB,,,,,$31.03,0,$0.00
7.50201E+12,,,IVERMECTINA ( VERIDEX ) TABLETAS 6MG C/4 TAB,,,,,$65.88,0,$0.00
7.50602E+12,,,JABON ANTIACNE ( KARLA DI ) BARRA 100G C/1,,,,,$16.68,0,$0.00
6.5024E+11,,,JABON INTIMO LOMECAN,,,,,$36.00,0,$0.00
7.50602E+13,,,JABON PARA PERRO,,,,,$16.02,0,$0.00
7.50163E+12,,,JALEA LUBRICANTE ( LUBRICAINA ) 135 GR,,,,,$57.95,5,$289.75
4.96842E+12,,,JERINGA ( NIPRO ) 3 ML AZUL,,,,,$1.66,0,$0.00
4.96842E+12,,,JERINGA ( NIPRO ) 3 ML NEGRA,,,,,$1.66,0,$0.00
7.50105E+12,,,JERINGA 10 ML 20G X 32 MM (PROTEC) AGUJA AMARILLA,,,,,$2.94,0,$0.00
7.50105E+12,,,JERINGA 10ML ( PROTEC ),,,,,$2.92,250,$730.00
7.50105E+12,,,JERINGA 10ML ( PROTEC )21 X 32 MM,,,,,$2.61,0,$0.00
7.50602E+12,,,JERINGA 10ML (SENSIMEDICAL) 22 X 32,,,,,$3.18,0,$0.00
23,,,JERINGA 1ML,,,,,$2.19,0,$0.00
7.50602E+12,,,JERINGA 1ML,,,,,$2.24,0,$0.00
4.96842E+12,,,JERINGA 1ML ( NIPRO ),,,,,$2.47,0,$0.00
7.50602E+12,,,JERINGA 1ML ( SENSIMEDICAL),,,,,$2.25,0,$0.00
7.50602E+12,,,JERINGA 1ML (SENSIMEDICAL) 27G X 13MM,,,,,$1.74,0,$0.00
7.50602E+12,,,JERINGA 20ML,,,,,$4.38,0,$0.00
7.50105E+12,,,JERINGA 20ML ( PROTEC),,,,,$3.64,50,$182.00
4.80602E+12,,,JERINGA 20ML ( TERUMO ) SIN AGUJA,,,,,$5.06,0,$0.00
4.96842E+12,,,JERINGA 20ML C/AGUJA,,,,,$3.49,0,$0.00
4.96842E+12,,,JERINGA 3 ML ( NIPRO ),,,,,$0.00,0,$0.00
7.50105E+12,,,JERINGA 3ML ( NEGRA ) 22 G X 32 MM,,,,,$1.65,0,$0.00
7.50113E+12,,,JERINGA 3ML (AZUL) 23G X 25MM,,,,,$2.37,0,$0.00
7.50602E+12,,,JERINGA 3ML (AZUL) 23G X 25MM,,,,,$1.81,0,$0.00
7.50602E+12,,,JERINGA 3ML (NEGRA) 22GX32MM,,,,,$2.00,-100,-$200.00
7.50602E+12,,,JERINGA 3ML (SENSIMEDICAL),,,,,$1.98,600,"$1,188.00"
7.50113E+12,,,JERINGA 5 ML (DL) 22G X 32 MM,,,,,$2.68,0,$0.00
4.96842E+12,,,JERINGA 5 ML (NIPRO),,,,,$2.00,0,$0.00
7.50602E+12,,,JERINGA 5 ML 20 G X 28 MM ( AMARILLO),,,,,$2.18,0,$0.00
2760,,,JERINGA 50ML,,,,,$10.24,0,$0.00
4.96842E+12,,,JERINGA 50ML,,,,,$10.24,0,$0.00
7.50602E+12,,,JERINGA 5ML (AGUJA VERDE ) 21G X 32MM,,,,,$2.27,0,$0.00
7.50602E+12,,,JERINGA 5ML (NEGRA) 22GX32MM,,,,,$2.38,0,$0.00
7.50105E+12,,,JERINGA 5ML (PROTEC) 32G X 32MM,,,,,$2.03,500,"$1,015.00"
4.96842E+12,,,JERINGA 5ML NIPRO,,,,,$1.77,0,$0.00
7.50602E+12,,,JERINGA 60 ML SIN AGUJA,,,,,$9.73,33,$321.09
7.502E+12,,,KETOCONAZOL (ONOFIN-K) TABLETA 20 MG C/10 TAB,,,,,$34.54,0,$0.00
7.50112E+12,,,KETOCONAZOL / CLINDAMICINA  ( FEMISAN ) CREMA 400MG/5MG  TUBO CON 30MG,,,,,$273.16,0,$0.00
7.50107E+12,,,KETOPROFENO  ( PROFENID GEL ) GEL 2.5 % TUBO 30 G,,,,,$330.07,0,$0.00
7.50225E+12,,,KETOPROFENO ( QUIPOTREN ) SOL INY 100MG/2ML C/6,,,,,$56.18,0,$0.00
7.50149E+12,,,KETOPROFENO ( TRALIKEN ) SOL  INYECTABLE 100 MG / 2 ML,,,,,$328.70,0,$0.00
7.50149E+12,,,KETOPROFENO ( TRALIKEN ) SOL INYECTABLE IV C / 100 MG,,,,,$179.06,0,$0.00
7.50135E+12,,,KETOPROFENO (AMSA) CAPSULAS 100 MG C/15,,,,,$34.00,0,$0.00
7.502E+12,,,KETOPROFENO (ARTHRIL) CAPSULAS 100MG C/15,,,,,$31.03,0,$0.00
7.50183E+12,,,KETOPROFENO / PARACETAMOL ( DOLFORT-DE ) TAB ,,,,,$48.56,20,$971.20
,,,100MG/300MG C/12,,,,,,,
7.50135E+12,,,KETOROLACO  (  AMSA ) INYECTABLE 30MG /1ML,,,,,$10.71,140,"$1,499.40"
7.50301E+12,,,KETOROLACO ( DMI ) CAPSULAS 10 MG 20,,,,,$38.50,0,$0.00
7.50301E+12,,,KETOROLACO ( DMI ) CÁPSULAS 10MG CON 10 CAP,,,,,$21.01,0,$0.00
7.50201E+12,,,KETOROLACO ( MEDIGEN ) SUBLINGUAL C/4 TAB 30 MG,,,,,$7.98,0,$0.00
7.50225E+12,,,KETOROLACO ( TREVINAL ) SOL INY 30MG C/3,,,,,$12.30,0,$0.00
7.50223E+12,,,KETOROLACO ( VOYDOL-S ) TABLETAS SUBLINGUAL,,,,,$7.93,10,$79.30
7.50201E+12,,,KETOROLACO (LOROTEC-F) TABLETAS 30MG,,,,,$8.69,0,$0.00
7.50138E+12,,,KETOROLACO (NEOLPHARMA) INYECTABLE 30MG/1ML,,,,,$9.55,0,$0.00
7.50223E+12,,,KETOROLACO (VOYDOL) TABLETAS 10mg C/10,,,,,$5.88,0,$0.00
7.50135E+12,,,KETOROLACO / TRAMADOL ( AMSA ) SOL INYECTABLE 10 MG/ 25 MG / 1 ML,,,,,$36.00,0,$0.00
7.85121E+11,,,KETOROLACO / TRAMADOL ( MAVIDOL TR ) INY C / 3 AMP,,,,,$49.92,30,"$1,497.60"
7.5013E+12,,,KETOROLACO / TRAMADOL ( PHARMA GEN ) 10 MG / 25 MG INYECTABLE,,,,,$34.97,0,$0.00
7.50222E+12,,,KETOROLACO SUBLINGUAL (AVIA) TAB 30MG C/6,,,,,$15.09,0,$0.00
7.50201E+12,,,KETOROLACO SUBLINGUAL (LOROTEC F) 6 TAB,,,,,$9.45,0,$0.00
7.50225E+12,,,KETOROLACO/TRAMADOL (PRETAMEL) C/3AMP,,,,,$37.94,0,$0.00
80051831,,,KINDER SORPRESA DE ANIMALES,,,,,$14.83,0,$0.00
7.59684E+11,,,KIT DE BIENVENIDA RECIEN NACIDO ( JALOMA ),,,,,$44.44,0,$0.00
7.5004E+12,,,KIT P/NEBULIZAR ADULTO,,,,,$39.97,0,$0.00
7.50102E+12,,,KLEENEX PAÑUELOS DESECHABLES 15 PZAS,,,,,$5.00,0,$0.00
6682306,,,KOH DIRECTO DE HONGO,,,,,$60.00,0,$0.00
7.50301E+12,,,LACTOBACILLUS  INFANTIL (LACTOPRAM INFANTIL),,,,,$33.05,0,$0.00
7.35001E+12,,,LACTOBACILOS ( BIOGAIA) GOTAS 5ML C/1,,,,,$370.18,0,$0.00
7.50226E+12,,,LACTOBACILOS / AVENA / ARÁNDANO ( LACTIV KIDS ) TABLETAS 537MG,,,,,$33.99,10,$339.90
7.50201E+12,,,LACTOBACILOS Y AVENA ( LACTIV SP ) TABLETAS 573MG,,,,,$33.61,0,$0.00
7.50301E+12,,,LACTOBACILUS (LACTOPRAM) CAPSULAS ADULTO C/20,,,,,$31.09,0,$0.00
7.50201E+12,,,LACTULOSA ( OPPELVER ) JARABE 10 G/ 15 ML,,,,,$40.26,0,$0.00
7.50222E+12,,,LACTULOSA ( QUIMTULAC) JARABE 10G/15ML,,,,,$57.91,22,"$1,274.02"
7.50303E+12,,,LACTULOSA ( SUANCA) JARABE 66.7G/100ML C/120ML,,,,,$63.08,0,$0.00
7.50138E+12,,,LAMOTRIGINA ( PSICOFARMA ) C/24 TABLETAS DE 100 MG,,,,,$57.67,0,$0.00
7.50046E+12,,,LANCETAS ACCU-CHEK,,,,,$1.50,0,$0.00
LAVADOOFTAL,,,LAVADO OFTALMICO,,,,,$34.72,0,$0.00
LAVAOTICBIL,,,LAVADO OTICO BILATERAL,,,,,$37.66,0,$0.00
LAVAOTICUNI,,,LAVADO OTICO UNILATERAL,,,,,$37.66,0,$0.00
7.50107E+12,,,LERCANIDIPINO 10 MG (ZANIDIP),,,,,$250.00,0,$0.00
51161600,,,LEVOCETIRICINA 5MG C/10 TAB (AMSA),,,,,$56.67,0,$0.00
7.50135E+12,,,LEVOCETIRIZINA ( AMSA ) TAB 5MG C/10,,,,,$56.67,0,$0.00
7.50108E+12,,,LEVOCETIRIZINA ( BELAZIX ) 5 MG TABLETA C / 20,,,,,$67.36,0,$0.00
7.50148E+12,,,LEVOCETIRIZINA ( BOCETIX ) SOLUCION 0.5MG/ML C/150ML,,,,,$56.47,0,$0.00
7.50148E+12,,,LEVOCETIRIZINA ( BOCETIX ) SOLUCION 0.5MG/ML C/150ML,,,,,$56.47,233,"$13,157.51"
7.50148E+12,,,LEVOCETIRIZINA ( BOCETIX ) TABLETAS 5 MG C/10,,,,,$40.55,10,$405.50
7.50126E+12,,,LEVOCETIRIZINA ( KOMZIMBA ) 5 MG TABLETAS,,,,,$76.47,0,$0.00
7.5013E+12,,,LEVOCETIRIZINA (LEVIGRIX GOTAS),,,,,$161.25,0,$0.00
7.50304E+12,,,LEVOCETIRIZINA (RIDEXIN) TABLETAS 5 MG,,,,,$47.13,117,"$5,514.21"
7.50109E+12,,,LEVOCETIRIZINA (ZYXEM GOTAS),,,,,$149.44,0,$0.00
7.50223E+12,,,LEVOCETIRIZINA CAPSULAS 5MG (ESGARO) C/10,,,,,$40.25,-2,-$80.50
7.85119E+11,,,LEVODROPROPIZINA ( SUPRATEX ) JARABE 600MG/100ML,,,,,$47.08,9,$423.72
7.502E+12,,,LEVODROPROPIZINA (VELATUSS) JBE 600 MG - 120 ML,,,,,$48.16,97,"$4,671.52"
7.50135E+12,,,LEVOFLOXACINO ( AMSA ) TABLETAS 750 MG C/ 7,,,,,$22.92,35,$802.20
7.50223E+12,,,LEVOFLOXACINO ( CINA ) TAB 750MG  C/7,,,,,$31.00,0,$0.00
7.50221E+12,,,LEVOFLOXACINO ( PROXAFLO ) TAB 750 MG C/7,,,,,$52.08,0,$0.00
7.80083E+11,,,LEVOFLOXACINO ( UNIQUIN )  TABLETA 750 MG C/7,,,,,$33.56,0,$0.00
7.85119E+11,,,LEVOFLOXACINO (SIBOFIX) TAB 750MG,,,,,$38.24,0,$0.00
7.50221E+12,,,LEVONORGESTREL / ETINILESTRADIOL ( SEGFEMIOL ) TABLETA 0.15 MG 0.03 MG C/21,,,,,$18.52,0,$0.00
7.50113E+12,,,LIDOCAINA ( PISACAINA 2% ) 200MG/10ML 10ML,,,,,$11.30,60,$678.00
7.50222E+12,,,LIDOCAINA 10 % ( PHARMACAINE ) SOLUCION,,,,,$129.41,3,$388.23
7.50113E+12,,,LIDOCAINA SOL INY 20MG/ML (PISACAINA 2%),,,,,$70.00,3,$210.00
7.50184E+12,,,LIFERZOL V(CLOTRIMAZOL CREMA 2%),,,,,$30.76,0,$0.00
7.502E+12,,,LIMENCICLINA ( TETRALISAL MR ) CAPS 300 MG C / 20,,,,,$557.22,0,$0.00
7.50135E+12,,,LINCOMICINA ( AMSA ) INYECTABLE 600MG/2ML,,,,,$29.12,0,$0.00
7.502E+12,,,LINCOMICINA (LISONIN) SOLUCIÓN 300MG/1ML,,,,,$13.18,0,$0.00
7.50223E+12,,,LINEZOLID (RODIMIX) TABLETAS 600 MG C/10,,,,,"$1,194.78",0,$0.00
6682196,,,LIPASA SERICA,,,,,$110.00,0,$0.00
223,,,LITIO SERICO,,,,,$170.00,0,$0.00
3.33788E+12,,,LOCION HIDRATANTE (CERAVE),,,,,$317.89,0,$0.00
7.80083E+11,,,LOPERAMIDA ( DILOSTOP ) TABLETAS 2MG C/12,,,,,$9.41,0,$0.00
7.80083E+11,,,LOPERAMIDA ( DILOSTOP ) TABLETAS 2MG C/12,,,,,$8.59,0,$0.00
7.502E+12,,,LOPERAMIDA ( LOP ) TAB 2MG C/12,,,,,$10.92,0,$0.00
7.50157E+12,,,LOPERAMIDA (EXCLEFIN) TABLETAS 2 MG C/12,,,,,$7.58,0,$0.00
7.502E+12,,,LORATADINA ( ALUDIX ) JARABE 100MG/100ML  C /60ML,,,,,$13.85,0,$0.00
7.50157E+12,,,LORATADINA ( GRIMERAL ) SOLUCION 5MG / 5ML C/60ML,,,,,$10.89,10,$108.90
7.50201E+12,,,LORATADINA ( LARITOL ) SOLUCIÓN GOTAS PEDIATRICA 1MG/ML,,,,,$12.69,0,$0.00
7.50201E+12,,,LORATADINA ( LARITOL ) TABLETAS 10MG C/10,,,,,$6.44,0,$0.00
7.50201E+12,,,LORATADINA ( LARITOL ) TABLETAS 10MG C/20,,,,,$7.59,0,$0.00
7.50157E+12,,,LORATADINA (GRIMERAL) SOLUCION C/30ML 5MG/5ML,,,,,$7.55,0,$0.00
7.50157E+12,,,LORATADINA (GRIMERAL) TABLETAS 10 MG C/10,,,,,$6.09,0,$0.00
7.50201E+12,,,LORATADINA (LARITOL) SOLUCION 100MG/100ML,,,,,$18.53,0,$0.00
7.50157E+12,,,LORATADINA (LOTINEX) JARABE 100MG/100ML C/ 60ML,,,,,$14.68,0,$0.00
7.80083E+11,,,LORATADINA (LOVARIN) TAB 10MG C/10,,,,,$8.25,0,$0.00
7.5013E+12,,,LORATADINA (PHARMAGEN) SOL PED 100MG/100ML C/30ML,,,,,$19.50,0,$0.00
7.50183E+12,,,LORATADINA / AMBROXOL ( BRONAR ) SOLUCION PEDIATRICA 600MG/100MG C/30ML,,,,,$10.00,0,$0.00
7.50201E+12,,,LORATADINA / AMBROXOL ( LARITOL EX ) SOLUCION  100/600MG,,,,,$24.01,12,$288.12
7.50201E+12,,,LORATADINA / AMBROXOL ( LARITOL EX ) SOLUCION GOTAS PEDIATRICAS,,,,,$14.28,0,$0.00
7.50201E+12,,,LORATADINA / AMBROXOL (LARITOL EX) TAB 5 MG/30 MG C/10,,,,,$12.99,0,$0.00
7.80083E+11,,,LORATADINA / BETAMETASONA ( COBEDINA NS ) SOLUCION PEDIATRICA,,,,,$25.29,0,$0.00
7.80083E+11,,,LORATADINA / BETAMETASONA ( COBEDINA NS ) TAB 5.00MG / 0.25MG C/10,,,,,$8.62,0,$0.00
7.80083E+11,,,LORATADINA / BETAMETASONA ( COBEDINA NS ) TAB 5.00MG / 0.25MG C/10,,,,,$11.69,0,$0.00
7.50201E+12,,,LORATADINA / BETAMETASONA ( ERISPAN COMPUESTO ) SUSPENSION PEDIATRICA.,,,,,$22.65,18,$407.70
7.50201E+12,,,LORATADINA / BETAMETASONA ( ERISPAN COMPUESTO ) TAB 5.00MG / 0.25MG C/10,,,,,$7.65,30,$229.50
7.50221E+12,,,LORATADINA / BETAMETASONA ( FARMALOR )  JARABE INF 100MG/5MG C/60ML,,,,,$24.48,0,$0.00
7.50126E+12,,,LORATADINA / BETAMETASONA ( TAMEX ) 10TAB. 5.0MG-0.25MG,,,,,$18.59,0,$0.00
7.5013E+12,,,LORATADINA / FENILEFRINA / PARACETAMOL (PHARMAGEN) TAB,,,,,$31.92,0,$0.00
7.50221E+12,,,LORATADINA 100MG/100ML SUSPENSIÓN (DOTAGIL),,,,,$13.60,0,$0.00
7.80083E+11,,,LORATADINA JARABE (LOVARIN) 60ML,,,,,$19.10,0,$0.00
7.50201E+12,,,"LORATADINA, FENILEFRINA 50 MG-100 MG/100ML (LARITOL D)",,,,,$22.50,0,$0.00
7.5013E+12,,,LORATADINA/ BETAMETASONA (INBELORAL) SOLUCION 100MG/5ML F/60ML,,,,,$116.42,0,$0.00
SINSIN71712,,,LORATADINA/BETAMETASONA TABLETA(ERISPANCOMPUESTO),,,,,$15.17,0,$0.00
SINSIN92034,,,LORATADINA/BETAMETASONA TABLETA(ERISPANCOMPUESTO),,,,,$0.00,0,$0.00
7.50224E+12,,,LOSARTAN ( PUNNAB ) TABLETAS 50 MG C/30,,,,,$11.76,0,$0.00
7.50222E+12,,,LOSARTAN (AVIVIA) TABLETAS 50 MG C/30,,,,,$16.85,0,$0.00
7.50135E+12,,,LOSARTAN(AMSA) COMPRIMIDO 50MG C/30,,,,,$11.29,0,$0.00
7.50163E+14,,,LUBRI-G 135G,,,,,$37.65,0,$0.00
7.50106E+12,,,LYSOL,,,,,$59.30,0,$0.00
7.50225E+12,,,MACROGOL ( SOLOSTIN ) 7 SOBRES 17G DE POLVO,,,,,$163.55,0,$0.00
7.50225E+12,,,MACROGOL ( SOLOSTIN ) SOBRE 17G C/14,,,,,$343.52,0,$0.00
7.50222E+12,,,MAGALDRATO / DIMETICONA ( AVIVIA )  GEL 80MG/10 MG/1ML  C/CON 10 SOBRES,,,,,$39.33,0,$0.00
7.50201E+12,,,MAGALDRATO / DIMETICONA ( GALAVER ) GEL 8G/1G/250ML,,,,,$52.76,0,$0.00
7.50201E+12,,,MAGALDRATO / DIMETICONA ( GALAVER SOBRES ) GEL 80MG/10MG/1ML,,,,,$35.29,110,"$3,881.90"
7.50201E+12,,,MAGALDRATO / DIMETICONA (MAVER) SOL GEL 8G/1G/100ML 120ML,,,,,$25.84,0,$0.00
7.80083E+11,,,MAGALDRATO / DIMETICONA (XENOPIR) GEL SOBRES 80MG/10MG/1ML,,,,,$55.88,0,$0.00
224,,,MAGNESIO SERICO,,,,,$90.00,0,$0.00
556,,,MANGO BISTURI #3 ECO,,,,,$2.47,0,$0.00
IM07-03,,,MANGO DE BISTURI NO. 3H.P.,,,,,$58.00,0,$0.00
IM08-04,,,MARTILLLO TYLOR HERGOM VERDE,,,,,$44.13,0,$0.00
7.50602E+12,,,MASCARA PARA NEBULIZAR ADULTO,,,,,$23.32,0,$0.00
7.50602E+12,,,MASCARILLA CON NEBULIZADOR 6ML,,,,,$38.00,0,$0.00
7.50602E+12,,,MASCARILLA CON NEBULIZADOR PEDIATRICA,,,,,$36.22,0,$0.00
7.50226E+12,,,MASCARILLA MICRO ADULTO ( HOME CARE ) NEB851,,,,,$30.00,0,$0.00
7.50105E+12,,,MASCARILLA P/ NEBULIZAR ADULTO,,,,,$46.93,0,$0.00
7.50602E+12,,,MASCARILLA P/NEBULIZACION ADULTO (SENSIMEDICAL),,,,,$41.44,-3,-$124.32
7.50226E+12,,,MASCARILLA PARA NEBULIZAR INFANTIL (HOME CARE ) NEB951,,,,,$30.00,0,$0.00
7.50105E+12,,,MASCARILLA PARA NEBULIZAR NIÑO,,,,,$56.20,8,$449.60
7.50602E+12,,,MASCARILLA PARA NEBULIZAR PEDIATRICA,,,,,$35.62,0,$0.00
7.502E+12,,,"MECLIZINA / PIRIDOXINA ( MECLISON ) SOLUCION 8.33MG, 160.66 MG.",,,,,$20.23,0,$0.00
7.502E+12,,,MECLIZINA / PIRIDOXINA ( MECLISON ) TABLETAS 25MG/ 50MG,,,,,$24.35,30,$730.50
7.502E+12,,,"MECLIZINA / PIRIDOXINA ( VO-REMI) SOL. INYECTABLE 25MG, 50 MG",,,,,$59.03,0,$0.00
7.502E+12,,,MECLIZINA / PIRIDOXINA ( VO-REMI) TABLETAS 25MG/50MG C/12,,,,,$23.82,0,$0.00
7.502E+12,,,MECLIZINA / PIRIDOXINA (VO-REMI) GOTAS,,,,,$30.37,0,$0.00
7.80083E+11,,,"MECLIZINA / PIRIDOXINA / LIDOCAINA ( BONAZIN ) SOLUCION INYECTABLE 25mg, 50mg,20mg",,,,,$19.66,0,$0.00
7.80083E+11,,,MECLIZINA PIRIDOXINA ( BONAZIN ) SOLUCION C / 10 ML,,,,,$26.97,0,$0.00
7.14908E+11,,,MELATONINA (REVENOX) TAB 3MG C/60,,,,,$71.68,0,$0.00
7.80083E+11,,,MELOXICAM ( AURICAM ) TABLETAS 15 MG C/10,,,,,$12.18,0,$0.00
7.80083E+11,,,MELOXICAM (AURICAM) TAB 7.5MG C/20,,,,,$9.20,0,$0.00
7.50201E+12,,,MELOXICAM (FLEXIVER) TAB 7.5MG C/14,,,,,$7.67,0,$0.00
7.50201E+12,,,MELOXICAM (FLEXIVER) TABLETA 15mg C/10,,,,,$18.65,0,$0.00
7.50223E+12,,,MELOXICAM / METACARBAMOL ( OFELICON ) CAPSULA 15MG /215MG,,,,,$21.45,0,$0.00
7.50201E+12,,,MELOXICAM / METOCARBAMOL ( FLEXIVER COMPUESTO ) CAPSULAS  15/215 MG CON 10,,,,,$37.65,0,$0.00
7.50201E+12,,,MELOXICAM / METOCARBAMOL ( FLEXIVER COMPUESTO ) CAPSULAS 7.5/215 MG,,,,,$37.65,90,"$3,388.50"
7.50201E+12,,,MELOXICAM / METOCARBAMOL (FLEXIVER COMPUESTO) TAB,,,,,$65.06,0,$0.00
SERVICIO 62,,,MEMBRESÍA ANUAL DE CONSULTAS GENERALES,,,,,"$24,300.00",0,$0.00
MRFAMILIAR,,,MEMBRESIA FAMILIAR,,,,,"$1,900.00",0,$0.00
MRFAMILIARMARISOL,,,MEMBRESIA FAMILIAR,,,,,$450.00,0,$0.00
7.50046E+12,,,MENTOL / ALCANFOR / EUCALIPTO ( INHA-RUB ) UNGUENTO 40 G,,,,,$16.67,0,$0.00
7.50645E+12,,,MENTOL / ALCANFOR / EUCALIPTO ( INHA-RUB)  SPRAY,,,,,$16.09,0,$0.00
7.14908E+11,,,MENTOL / ARNICA / CALENDULA (SALUDOL) CREMA,,,,,$52.00,0,$0.00
7.50149E+12,,,MEROPENEM 1G INY (MERMAVIE),,,,,$103.45,0,$0.00
7.502E+12,,,METAMIZOL MAGNESIO (EXODALINA) 2.15G/5ML CON 3 AMPOLLETAS,,,,,$29.00,0,$0.00
7.50135E+12,,,METAMIZOL SÓDICO ( AMSA ) SOLUCIÓN INYECTABLE 1G/2ML,,,,,$18.74,130,"$2,436.20"
7.50135E+12,,,METAMIZOL SODICO ( AMSA ) TAB 500MG C/10 TAB,,,,,$10.46,0,$0.00
7.50223E+12,,,METAMIZOL SODICO ( AVAFONTAN ) TAB 500MG C/10,,,,,$7.88,0,$0.00
7.502E+12,,,METAMIZOL SODICO (MAGNIL) SOL INYECTABLE 1 GR,,,,,$24.94,0,$0.00
7.502E+12,,,"METAMIZOL SÓDICO / BUTILHIOSCINA ( BUSCONET )  250MG, 10MG TABLETAS",,,,,$29.41,68,"$1,999.88"
6682319,,,METANEFRINAS EN PLASMA,,,,,$730.00,0,$0.00
6682318,,,METANFETAMINAS,,,,,$69.99,0,$0.00
7.50184E+12,,,METFORMINA  (DINAMEL) TABLETAS 500 MG,,,,,$17.71,0,$0.00
7.80083E+11,,,METFORMINA ( ANGLUCID ) TABLETAS  850 MG,,,,,$29.00,0,$0.00
7.50156E+12,,,METFORMINA ( BIODID ) TAB 850 MG  C/30,,,,,$18.20,0,$0.00
7.50221E+12,,,METFORMINA ( LOEFFLER) 850MG TABLETAS,,,,,$19.31,0,$0.00
7.50221E+12,,,METFORMINA ( LOEFFLER) TAB 500 MG C/40,,,,,$23.91,3,$71.73
7.5013E+12,,,METFORMINA (DABEX) TABLETA 750MG C/30,,,,,$346.82,0,$0.00
7.5011E+12,,,"METFORMINA / GLIBENCLAMIDA (LOEFFLER) TABLETAS 500 MG, 5MG",,,,,$28.75,0,$0.00
7.85119E+11,,,METFORMINA / GLIBENCLAMIDA (MAVIGLIN) TAB 500 MG,,,,,$48.90,0,$0.00
7.503E+12,,,METFORMINA 850MG / 30 TAB,,,,,$12.94,0,$0.00
7.50156E+12,,,METFORMINA 850MG/ 30TAB,,,,,$14.94,0,$0.00
7.503E+12,,,METILPREDNISOLONA ( ACENOVAR ) SOL. INY 40mg,,,,,$54.04,0,$0.00
7.50135E+12,,,METILPREDNISOLONA (AMSA) SOL INY 40MG,,,,,$51.88,0,$0.00
7.50149E+12,,,METILPREDNISOLONA (METISONA) SOL 500 MG C/1 FRASCO 8 ML,,,,,$98.91,0,$0.00
7.50148E+12,,,METILPREDNISOLONA (SOLSOLONA) SUSPENSION INYECTABLE 2ML C/1,,,,,$30.00,0,$0.00
7.50135E+12,,,METILPREDNISOLONA SUSP. INY (AMSA),,,,,$23.50,0,$0.00
7.50155E+12,,,METOCARBAMOL / IBUPROFENO (CARBAGER PLUS) TABLETAS,,,,,$48.61,0,$0.00
7.50223E+12,,,METOCARBAMOL / IBUPROFENO (ML-PRIM) TABLETAS 375/200MG C/12,,,,,$38.20,0,$0.00
7.50135E+12,,,METOCLOPRAMIDA ( AMSA ) SOLUCION INYECTABLE 10 MG,,,,,$22.78,45,"$1,025.10"
7.50156E+12,,,METOCLOPRAMIDA ( BIOPRAM  ) TABLETAS 10 MG,,,,,$6.93,0,$0.00
7.50108E+12,,,METOCLOPRAMIDA ( CIRCULAN ) TABLETAS 10 MG C / 20,,,,,$7.18,40,$287.20
7.50221E+12,,,METOCLOPRAMIDA ( GIGEMET ) GOTAS 400 MG C/20ML,,,,,$20.84,0,$0.00
7.50227E+12,,,METOCLOPRAMIDA ( LOEFFLER ) TAB 10MG C/20,,,,,$6.69,0,$0.00
7.50225E+12,,,METOCLOPRAMIDA ( VIMECLOL ) 10MG/2ML INY,,,,,$13.73,0,$0.00
7.50223E+12,,,METOCLOPRAMIDA (CONYSMIN) TABLETAS 10MG,,,,,$6.54,0,$0.00
7.50221E+12,,,METOCLOPRAMIDA (DIRPASID) TAB 10 MG,,,,,$7.34,0,$0.00
7.50147E+12,,,METOPROLOL ( METOPRESOL) TAB 100 MG C/20,,,,,$11.50,0,$0.00
7.50154E+12,,,METOPROLOL ( NIPRESOL) 100MG,,,,,$12.26,0,$0.00
8.21998E+11,,,METOPROLOL ( SCHOEN ) TAB 100MG C/20,,,,,$8.78,0,$0.00
7.50149E+12,,,METOPROLOL (KENAPROL) TAB 100 MG,,,,,$9.20,0,$0.00
7.50108E+12,,,METOPROLOL (PRONTOL) TAB 100 MG,,,,,$9.69,0,$0.00
7.50156E+12,,,METRONIDAZOL ( BIOTAZOL ) TAB 500 MG C/30,,,,,$18.19,0,$0.00
75017095,,,METRONIDAZOL ( ELYZOL) TABLETAS 500mg,,,,,$16.99,0,$0.00
7.50108E+12,,,METRONIDAZOL ( LAMBLIT )  500 MG C/30 TAB,,,,,$17.13,10,$171.30
7.50157E+12,,,METRONIDAZOL ( MESSELDAZOL ) TABLETAS 500MG,,,,,$14.28,0,$0.00
7.50223E+12,,,METRONIDAZOL (ALPHARMA) TAB 500 MG,,,,,$13.98,0,$0.00
7.50157E+12,,,METRONIDAZOL (MESSELDAZOL) C/30 TABLETAS DE 500MG,,,,,$15.26,0,$0.00
7.50156E+12,,,METRONIDAZOL 500MG C/30TAB,,,,,$13.79,0,$0.00
7.502E+12,,,METRONIZADOL / NISTATINA / FLUOCINOLONA (NYSMOSON S-V) OVULOS 500MG,,,,,$36.27,0,$0.00
7.85119E+11,,,MICONAZOL ( LECODER ) CREMA  C/TBO 20G 2%,,,,,$10.11,0,$0.00
6682203,,,MICROALBUMINA EN ORINA,,,,,$200.00,0,$0.00
7.50301E+12,,,MICRODACYN 60 ML,,,,,$60.00,0,$0.00
7.50301E+12,,,MICRODACYN SOL SPRAY 120 ML,,,,,$176.41,4,$705.64
7.50201E+12,,,MICROGELIN (GEL ANTIBACTERIAL) 150GR,,,,,$17.25,0,$0.00
7.50046E+12,,,MIEL VITAMINAS Y MINERALES (AJOLOTIUS JARABE),,,,,$54.20,30,"$1,626.00"
7.50201E+12,,,MIFISUR COMPLEJO B DIABETICO 100MG /5MG /0.05 MG C/30 TAB,,,,,$23.31,0,$0.00
14102021,,,MINI BUBULU CHOCOLATE,,,,,$2.00,0,$0.00
7.50135E+12,,,MOMETASONA  ( AMSA ) 0.05% SUSPENSIÓN.,,,,,$103.66,0,$0.00
7.50128E+12,,,MOMETASONA ( DIMUXON ) SPRAY  50UG,,,,,$170.23,0,$0.00
7.50221E+12,,,MOMETASONA ( MOFHINIS ) SPRAY SUSP 50MG C/18ML,,,,,$91.69,0,$0.00
7.50222E+12,,,MOMETASONA ( QUIMAFRON) SUSPENSION 0.05 % - 18 ML,,,,,$127.24,0,$0.00
7.50226E+12,,,MOMETASONA ( SIGDAN )  SUS P/INHALACION 0.050 G/ 100ML C/18ML,,,,,$90.57,7,$633.99
7.50226E+12,,,MOMETASONA ( SIGDAN ) SUSPENSION SPRAY 0.5 MG / ML C/ 10ML,,,,,$83.11,0,$0.00
7.50221E+12,,,MOMETASONA (MOFHINIS) SPRAY SUSPENSION 50 MG C/18 ML,,,,,$86.56,0,$0.00
7.50135E+12,,,MOMETASONA SUSPENSION PEDIATRICA 0.05% (AMSA),,,,,$105.44,0,$0.00
73796714420,,,MONITOR DE PRESION ARTERIAL,,,,,$880.00,0,$0.00
73796353216,,,MONITOR DE PRESION ARTERIAL AUTOMATICO,,,,,$818.00,0,$0.00
7.50138E+12,,,MONTELUKAS ( NEOLPHARMA ) TAB 5MG C/20,,,,,$39.51,0,$0.00
7.50135E+12,,,MONTELUKAST ( AMSA ) TAB 10MG C/20,,,,,$40.04,0,$0.00
7.50223E+12,,,MONTELUKAST ( KATSORAAM ) TAB 10MG C/10,,,,,$20.93,0,$0.00
7.50223E+12,,,MONTELUKAST ( ONTRONON ) TABLETAS MASTICABLES 5 MG,,,,,$33.04,0,$0.00
7.50223E+12,,,MONTELUKAST ( ONTRONON ) TABLETAS MASTICABLES 5MG C/30,,,,,$39.88,3,$119.64
7.80083E+11,,,MONTELUKAST ( SENLOIR ) TABLETAS 10 MG  20,,,,,$29.21,0,$0.00
7.50201E+12,,,MONTELUKAST ( VALTROVER G ) SOBRES GRANULADOS 4MG C/10,,,,,$62.40,0,$0.00
7.50183E+12,,,MONTELUKAST (DEBREXST) TAB 10 MG CON 20 TABLETAS,,,,,$32.18,0,$0.00
7.50223E+12,,,MONTELUKAST (KATSORAAM) TAB. 10MG C/ 30,,,,,$35.18,0,$0.00
7.50135E+12,,,MONTELUKAST GRANULADO ( AMSA ) SOBRE 4 MG C/10,,,,,$44.73,0,$0.00
MOUSE,,,MOUSE,,,,,$120.00,0,$0.00
7.50222E+12,,,MOXIFLOXACINO ( AVIVIA ) TABLETA 400 MG C/7,,,,,$108.99,0,$0.00
7.50223E+12,,,MOXIFLOXACINO ( CRESCRIN ) TABLETA 400 MG C/7,,,,,$94.25,0,$0.00
7.50183E+12,,,MOXIFLOXACINO (DEGORBAK) TAB 400MG C/7,,,,,$145.79,0,$0.00
7.50222E+12,,,MOXIFLOXACINO 400MG FCO C/7 TABS,,,,,$119.77,0,$0.00
7.50112E+12,,,MULTIVITAMINAS (DEXTREVIT) SOL INY C/2 AMP,,,,,$71.26,0,$0.00
7.50225E+12,,,MULTIVITAMINICO ( AVETAL-12 ) SOL. INY 5 ML,,,,,$140.45,0,$0.00
7.50113E+12,,,MULTIVITAMINICO INTRAVENOSA (VITAFUSIN) C/1 FCO. AMP. 5ML,,,,,$158.40,0,$0.00
7.50126E+12,,,MUPIROCINA  (SERRAL) CREMA 15 G 2.0 %,,,,,$77.59,0,$0.00
7.50201E+12,,,MUPIROCINA (BERNIVER) UNGUENTO 2%,,,,,$81.29,0,$0.00
7.50112E+12,,,MUPIROCINA 2% UNGUENTO ( SINPEBAC ) 15G,,,,,$71.76,0,$0.00
7.50112E+12,,,MUPIROCINA UNGUENTO (VALEANT),,,,,$57.30,0,$0.00
7.50126E+12,,,MYCROBACTER SOL ANTISEPTICA 120ML,,,,,$93.57,0,$0.00
7.50225E+12,,,NANDROLONA ( DECA-DURABOLIN )  SOL 50MG/ML CAJA C/2,,,,,$984.02,0,$0.00
7.503E+12,,,NAPROXENO  ( DOLXEN ) 500MG CON 20TAB.,,,,,$32.42,28,$907.76
7.50201E+12,,,NAPROXENO ( DOLXEN ) TABLETAS 500MG C/10,,,,,$17.24,10,$172.40
7.50154E+12,,,NAPROXENO (BRUPROXEN) TAB 500 MG,,,,,$17.39,0,$0.00
7.50201E+12,,,NAPROXENO / LIDOCAINA ( LUMBOXEN ) GEL 10G/2G,,,,,$37.66,0,$0.00
7.50201E+12,,,NAPROXENO / LIDOCAINA (LUMBOXEN GEL) TUBO ROJO 10G/2G,,,,,$35.90,0,$0.00
MEDMED84590,,,NAPROXENO / LIDOCAINA (LUMBOXEN) GEL,,,,,$27.00,0,$0.00
7.50201E+12,,,NAPROXENO / LIDOCAINA 10 G / 2 G GEL (LUMBOXEN),,,,,$38.54,6,$231.24
7.50223E+12,,,NAPROXENO / PARACETAMOL ( FLAXENOL ) TABLETAS 275/300MG C/12,,,,,$22.67,0,$0.00
7.50223E+12,,,NAPROXENO / PARACETAMOL ( FLAXENOL)  TABLETAS 275.0 MG / 300.0 MG C/20,,,,,$29.63,0,$0.00
7.50183E+12,,,NAPROXENO / PARACETAMOL ( PROXALIN-PLUS ) SUSPENSION  125 MG/100MG/5ML C/100 ML,,,,,$45.40,35,"$1,589.00"
7.80083E+11,,,NAPROXENO / PARACETAMOL (DECOSIL) TABLETAS 275MG - 300MG C/10,,,,,$20.22,0,$0.00
7.50223E+12,,,NAPROXENO / PARACETAMOL (FLAXENOL) TAB 275MG/300MG C/16,,,,,$27.35,0,$0.00
7.50221E+12,,,NAPROXENO / PARACETAMOL (PENSODIL) JARABE,,,,,$30.00,0,$0.00
7.502E+12,,,NAPROXENO / PARACETAMOL (VELSAY-S) SUSPENSION 125 MG EN 100 ML,,,,,$26.97,0,$0.00
7.50221E+12,,,NAPROXENO / PARACETAMOL( PENSODIL) SUPOSITORIOS 100 MG / 200 MG,,,,,$25.05,0,$0.00
7.50201E+12,,,NAPROXENO 250 MG TABLETAS (DOLXEN),,,,,$12.87,0,$0.00
7.50148E+12,,,NAPROXENO SODICO ( FLAXENDOL ) TAB 550MG C/12,,,,,$22.40,0,$0.00
7.80083E+11,,,NAPROXENO/ PARACETAMOL (DECOSIL) 275MG /300MG/  15 TABLETAS,,,,,$24.72,0,$0.00
7.50223E+12,,,NAPROXENO/PARACETAMOL ( DUET FLEXENOL NF ) TAB 275MG/300MG C/12,,,,,$20.57,0,$0.00
7.50223E+12,,,NAPROXENO/PARACETAMOL ( DUET FLEXENOL NF ) TAB 275MG/300MG C/16,,,,,$26.32,0,$0.00
7.50223E+12,,,NAPROXENO/PARACETAMOL ( DUET FLEXENOL NF ) TAB 275MG/300MG C/20,,,,,$31.84,10,$318.40
7.50303E+12,,,NASPRAY ADULTO ( 30 ML ),,,,,$25.33,39,$987.87
NEBULIZACI1,,,NEBULIZACION 1,,,,,$54.70,0,$0.00
nebulizaci2,,,NEBULIZACIÓN 2,,,,,$50.00,0,$0.00
7.502E+12,,,"NEOMICIN / RETINOL ( RASPISONS ) UNGUENTO 0.350G/100,000UI  28GR",,,,,$18.39,0,$0.00
7.50108E+12,,,NEOMICINA / CAOLIN / PECTINA  TABLETAS (NINEKA),,,,,$45.01,0,$0.00
7.50183E+12,,,NEOMICINA / CAOLIN / PECTINA ( NEOKAP-LF ) SUSPENSION 0.71G/ 20G/ 1.0/ 100 ML,,,,,$29.25,0,$0.00
7.50183E+12,,,NEOMICINA / CAOLIN / PECTINA ( NEOKAP-LF ) TABLETAS ,,,,,$48.20,0,$0.00
,,,129MG/280MG/30MG,,,,,,,
7.80083E+11,,,NEOMICINA / LIDOCAINA ( OTILIN ) GOTAS 2G/0.35G/100ML C/20 ML,,,,,$24.26,3,$72.78
75050764,,,NEOMICINA / POLIMIXINA B / BACTRACINA 3.5 MG / 5000 UI / 400 UI/ G UNGUENTO,,,,,$47.76,0,$0.00
75049805,,,NEOMICINA / POLIMIXINA B / GRAMICIDINA ( OPKO ) GOTAS,,,,,$45.63,15,$684.45
7.502E+12,,,"NEOMICINA, LIDOCAÍNA ( ORTORA )  SOLUCION 0.350G, 2.0G / 100 ML",,,,,$18.82,5,$94.10
8400007018,,,NEOMICINA/ POLIMIXINA B/ GRAMICIDINA (GRIN) SOL. OF. 1.75MG/ 5000 UI/ 25 MG GOTAS,,,,,$51.29,0,$0.00
7.50183E+12,,,NEOMICINA/CAOLIN/PECTINA TABLETAS (NEOKAP-LF),,,,,$50.04,0,$0.00
7.50147E+12,,,NIFEDIPINO ( CORDILAT ) CAPSULAS 10MG C/20,,,,,$19.83,0,$0.00
7.50223E+12,,,NIFEDIPINO ( GELPRIM ) CAPSULAS 10 MG,,,,,$21.78,0,$0.00
7.50156E+12,,,NIFEDIPINO (NIFEZZARD) CAP 10MG C/20,,,,,$14.61,0,$0.00
7.50109E+12,,,NIFUROXAZIDA (TOPRON) SUSPENSIÓN 4.4 G / 100 ML,,,,,$144.61,0,$0.00
7.503E+12,,,NISTATINA ( ALPHARMA ) SUSPENSION 100 000UI/ML,,,,,$34.38,0,$0.00
7.503E+12,,,NISTATINA ( MIBESAN-S ) SUSPENSION  100000 UI/ ML  24ML,,,,,$31.29,0,$0.00
7.50111E+12,,,"NISTATINA ( NISTA-QUIM ) 2,400,00 UI/FCO SUSP",,,,,$51.14,0,$0.00
7.50111E+12,,,"NISTATINA ( PERRIGO )SUSPENSION 2,400,000 UI / FCO",,,,,$53.49,0,$0.00
7.50222E+12,,,NITAZOXANIDA (MITAFAR) SUSP 60 MG,,,,,$60.00,0,$0.00
7.50221E+12,,,NITAZOXANIDA (ROSANIL) TAB 500 MG,,,,,$39.46,0,$0.00
7.50157E+12,,,NITRATO DE MICONAZOL ( MENAZAN ) CREMA 2.0%  TUBO C/20G,,,,,$9.68,0,$0.00
7.85121E+11,,,NITROFURANTOINA (  MACROFURIN ) CÁPSULAS 100MG C/40,,,,,$65.28,15,$979.20
7.50183E+12,,,NITROFURANTOINA (SURONIT) TAB 100 MG,,,,,$20.62,0,$0.00
6682208,,,NITROGENO UREICO (BUN),,,,,$40.00,0,$0.00
SINSIN52307,,,NIVEL SERICO DE VITAMINA B12 EN SANGRE,,,,,$285.00,0,$0.00
999904,,,NIVELES DE TIAMINA (VITAMINA B1 TIAMINA),,,,,"$1,210.00",0,$0.00
7.50183E+12,,,NORFENEFRINA (BIOTERFRIN) SOLUCION,,,,,$35.00,0,$0.00
7.50201E+12,,,NORFENEFRINA (FRINVER) solución 10mg/ml C/24ML,,,,,$45.98,2,$91.96
7.50113E+12,,,NORMOGOTERO ( FLEBOTEK ) ESTERIL S/AGUJA,,,,,$9.86,0,$0.00
7.50224E+12,,,NORMOGOTERO ( UNILEBEN ) SIN AGUJA,,,,,$10.68,284,"$3,033.12"
7.50113E+12,,,NORMOGOTERO (DL) SIN AGUJA,,,,,$12.54,0,$0.00
7.50602E+12,,,NORMOGOTERO (SENSIMEDICAL),,,,,$11.72,0,$0.00
7.50113E+12,,,NORMOGOTERO FLEBOTEK  S/AGUJA,,,,,$16.54,0,$0.00
7.50602E+12,,,NORMOGOTERO MEDICRIT,,,,,$13.15,0,$0.00
wbs383790170avf1,,,NORMOGOTERO NIPRO,,,,,$9.13,0,$0.00
7.50223E+12,,,NUTRI RAAM CHOCOLATE,,,,,$77.90,0,$0.00
7.50223E+12,,,NUTRI RAAM FRESA,,,,,$77.90,0,$0.00
7.50223E+12,,,NUTRI RAAM VAINILLA,,,,,$77.90,0,$0.00
7.50014E+12,,,NYLON 2-0,,,,,$42.15,0,$0.00
SERVICIO09,,,OBSERVACION / MONITOREO,,,,,$90.00,0,$0.00
SERVICIO 5,,,OBSERVACION 1-6 HRS,,,,,$207.50,0,$0.00
SERVICIO 64,,,OBSERVACION EMPRESARIAL,,,,,$415.00,0,$0.00
7.85119E+11,,,OFLOXACINO (FLOSEP) TAB 400MG C/8,,,,,$20.22,0,$0.00
7.50223E+12,,,OFLOXACINO (RIXIVOC) TABLETA 400MG C/12,,,,,$50.00,0,$0.00
7.50224E+12,,,OMEGA 3  (REGENESIS MAX) 30 CAPSULAS,,,,,$287.00,0,$0.00
7.50301E+12,,,"OMEGA 3 (PHARMADAN) 1,000MG",,,,,$185.68,0,$0.00
7.50222E+12,,,OMEPRAZOL  ( ULTRA LABORATORIO ) 20 MG C/120 CAPS,,,,,$57.47,0,$0.00
7.50222E+12,,,OMEPRAZOL ( AVIVIA ) CAPSULAS 20 MG,,,,,$8.99,0,$0.00
7.50149E+12,,,OMEPRAZOL ( OZOKEN ) CAPSULAS  20 MG C/7,,,,,$6.74,0,$0.00
7.50149E+12,,,OMEPRAZOL ( OZOKEN ) CAPSULAS 20 MG C/14,,,,,$9.21,0,$0.00
7.50149E+12,,,"OMEPRAZOL ( PREZOLAX ) SOL INYECTABLE 40MG , 10ML C/1",,,,,$39.47,0,$0.00
7.50222E+12,,,OMEPRAZOL ( ULTRA ) CAPSULAS 20MG C/30,,,,,$16.61,0,$0.00
7.50225E+12,,,OMEPRAZOL ( VITALIS ) SOL INYECTABLE 40MG/10ML C/1,,,,,$39.09,0,$0.00
7.50645E+12,,,OMEPRAZOL (ADN PHARMA) CAPSULAS 20 MG C/14,,,,,$8.89,0,$0.00
7.50135E+12,,,OMEPRAZOL (AMSA) SOL INYECTABLE  40 MG C/1,,,,,$27.59,30,$827.70
7.50222E+12,,,OMEPRAZOL (AVIVIA)  CAPSULAS 20 MG,,,,,$67.62,0,$0.00
7.50222E+12,,,OMEPRAZOL (AVIVIA) 20 MG C/60 CAP,,,,,$38.54,0,$0.00
7.50222E+12,,,OMEPRAZOL (AVIVIA) 20MG C/30 CAPSULAS,,,,,$17.36,0,$0.00
7.50222E+12,,,OMEPRAZOL (AVIVIA) CAP 20 MG C/7,,,,,$7.87,0,$0.00
7.50184E+12,,,OMEPRAZOL (OMYGEN) 60 CAP DUO PACK,,,,,$52.08,0,$0.00
7.50222E+12,,,OMEPRAZOL (ULTRA) CAPS 20MG C/14,,,,,$9.94,0,$0.00
7.50602E+12,,,OMEPRAZOL SOL INY 40 MG / 10 ML,,,,,$22.99,0,$0.00
7.50602E+12,,,ONDANSENTRON (NAVONTEC) INY. 8mg,,,,,$66.35,50,"$3,317.50"
7.85121E+11,,,ONDANSETRON ( INDANSEN ) SOL INYECTABLE I.V. C/3 AMP,,,,,$44.36,0,$0.00
7.50223E+12,,,ONDANSETRON ( VYLCOR ) TABLETAS 8MG,,,,,$50.23,0,$0.00
7.50126E+12,,,ONDANSETRON ( ZINCOLSET )  TABLETAS 8MG,,,,,$51.66,0,$0.00
7.50634E+12,,,ONDANSETRON (HT-BLOC) SOL INY 8 MG,,,,,$69.34,0,$0.00
7.50225E+12,,,ONDANSETRON (SETRONALIS) INYECTABLE 8MG/4ML,,,,,$35.96,0,$0.00
7.50147E+12,,,ONDANSETRON (SETRONTEC) SOLUCION INYECTABLE 8MG/ 4 ML,,,,,$61.55,0,$0.00
7.50135E+12,,,ORLISTAT ( AMSAFAST ) CAP 120MG C/21,,,,,$89.80,0,$0.00
7.50223E+12,,,ORLISTAT (VASDECOM) CAPSULAS 120MG C/21,,,,,$79.31,11,$872.41
7.50223E+12,,,ORLISTAT (VASDECOM) CAPSULAS 60.0 MG C/30,,,,,$58.67,0,$0.00
7.5013E+12,,,OSELTAMIVIR ( PHARMAGEN ) CAP 75MG C/10,,,,,$154.35,0,$0.00
7.5013E+12,,,OSELTAMIVIR ( PHARMAGEN ) SUSPENSION 6MG/ML,,,,,$168.97,0,$0.00
7.50126E+12,,,OSELTAMIVIR ( SERRAL ) CAPSULA 75MG C/10,,,,,$75.00,0,$0.00
7.50224E+12,,,OSELTAMIVIR ( WERMICROS ) 75 MG C / 10 CAPSULAS,,,,,$109.20,110,"$12,012.00"
7.50223E+12,,,OSELTAMIVIR (ALPHARMA) CAPSULA 75 MG C/10,,,,,$117.65,0,$0.00
7.50644E+12,,,OSELTAMIVIR (CAMBER) SUSP 6 MG/ 1 ML C/ 60 ML,,,,,$207.90,88,"$18,295.20"
7.80083E+11,,,OSELTAMIVIR (TAVIDEN-FLU) CAP 75 MG C/10,,,,,$108.05,0,$0.00
7.50644E+12,,,OSELTAMIVIR 75 MG C/10 CAPSULAS (CAMBER),,,,,$137.93,0,$0.00
1563,,,OSMOLARIDAD EN ORINA,,,,,$680.00,0,$0.00
1682,,,OSMOLARIDAD EN SUERO,,,,,$680.00,0,$0.00
232,,,OXALATOS EN ORINA DE 24 HRS,,,,,$510.00,0,$0.00
7.80083E+11,,,OXIMETAZOLINA ( COLLIFRIN ) ADULTO SOLUCIÓN 0.5%,,,,,$29.41,10,$294.10
7.80083E+11,,,OXIMETAZOLINA ( COLLIFRIN ) SOLUCIÓN INFANTIL 0.025%,,,,,$26.44,0,$0.00
7.50184E+12,,,OXIMETAZOLINA SOLUCION 0.025% (VIRINDREZ),,,,,$19.67,0,$0.00
7.50184E+12,,,OXIMETAZOLINA SPRAY NASAL VIRINDREZ 0.050% C/20ML,,,,,$29.94,0,$0.00
7.50226E+12,,,OXIMETRO INHALA CARE,,,,,$249.66,0,$0.00
7.50221E+12,,,OXOLAMINA ( OXOTUSIN )JARABE 1 GM C/118ML,,,,,$22.87,0,$0.00
7.502E+12,,,OXOLAMINA ( TUKSON ) 50 MG / 5 ML JARABE C/ 100 ML,,,,,$19.87,0,$0.00
7.50662E+12,,,OXOLAMINA JBE 118ML (OXOTUSIN),,,,,$22.87,0,$0.00
7.14707E+11,,,PALETA CON MIEL / NARANJA ( BRONCOLIN ) 10 C/1,,,,,$2.51,0,$0.00
7.50303E+12,,,PALETA DE CHILE,,,,,$6.00,0,$0.00
PALETAS CHUPA CHUPS,,,PALETAS CHUPA CHUPS,,,,,$69.00,0,$0.00
7.50221E+12,,,PALMIATO MULTIVITAMINICO A/D/E/C/B ( LAFHALIX ) SOLUCION INYECTABL ADULTO,,,,,$268.88,12,"$3,226.56"
7.502E+12,,,"PANCREATINA / BILIS DE BUEY / DIMETICONA ( ZIMETON ) TAB 130 MG, 50 MG,40MG  C/20",,,,,$48.64,0,$0.00
PANEL VIRAL 2,,,PANEL VIRAL 2 COVID/INFLUENZA DUAL AMUNET,,,,,$179.80,0,$0.00
PANEL VIRAL 3,,,PANEL VIRAL 3 COVID/INFLUENZA/VSR AMUNET,,,,,$281.42,0,$0.00
7.50135E+12,,,PANTOPRAZOL ( AMSA ) 20mg C/ 7 TABLETAS,,,,,$9.71,0,$0.00
7.50135E+12,,,PANTOPRAZOL ( POPRAM ) TAB 40MG C/14,,,,,$24.94,0,$0.00
7.50225E+12,,,PANTOPRAZOL (NOGASLAN),,,,,$32.98,0,$0.00
DMPAQ1,,,"PAQ 1 GLUCOSA, EGO",,,,,$80.00,0,$0.00
DMPAQ2,,,"PAQ 2 GLUCOSA, HEMOGLOBINA GLUCOSILADA, EGO",,,,,$215.00,0,$0.00
DMPAQ3,,,"PAQ 3 QS3, HEMOGLOBINA GLUCOSILADA, EGO, VALORACIÓN",,,,,$250.00,0,$0.00
DMPAQ4,,,"PAQ 4 QS7, HEMOGLOBINA GLUCOSILADA, EGO, VALORACIÓN",,,,,$300.00,0,$0.00
SINSIN78168,,,PAQ ABATELENGUAS,,,,,$6.01,0,$0.00
ETSPAQ1,,,PAQ1 V.D.R.L / ELISA,,,,,$142.24,0,$0.00
PQGASA10,,,PAQUETE C/10 GASAS ESTERIL,,,,,$8.20,0,$0.00
PQGASAS5,,,PAQUETE C/5 GASAS ESTERIL,,,,,$4.10,7,$28.70
7.50154E+12,,,PARACETAMOL  ( PORTEM ) TABLETAS 500MG,,,,,$3.99,0,$0.00
7.80083E+11,,,PARACETAMOL  ( TEMPIRE ) GOTAS 1ML/100mg,,,,,$15.29,10,$152.90
7.50108E+12,,,PARACETAMOL ( ACETIL ) TABLETA 500 MG C/10,,,,,$5.47,0,$0.00
7.503E+12,,,PARACETAMOL ( ALPHARMA) TAB 500MG C/10,,,,,$5.82,0,$0.00
7.50221E+12,,,PARACETAMOL ( AVIVIA ) TABLETA 750MG C/ 10,,,,,$9.54,0,$0.00
7.50201E+12,,,PARACETAMOL ( CORIVER ) TABLETA 500 MG,,,,,$10.00,0,$0.00
7.50201E+12,,,PARACETAMOL ( CORIVER 750 ) TABLETA 750 MG,,,,,$6.90,10,$69.00
7.50201E+12,,,PARACETAMOL ( FILANC ) JARABE 3.2G / 100ML,,,,,$28.79,0,$0.00
7.50149E+12,,,PARACETAMOL ( LUNAZOL ) SOLUCION INYECTABLE 1G/100 ML C/1,,,,,$66.29,0,$0.00
7.50154E+12,,,PARACETAMOL ( PORTEM ) TABLETA 750 MG,,,,,$8.42,0,$0.00
7.50602E+12,,,PARACETAMOL ( SERFLAX)  SOLUCION  INYECTABLE 1 GR,,,,,$89.89,0,$0.00
7.502E+12,,,PARACETAMOL ( SON'S PIRAL ) GOTAS,,,,,$8.00,0,$0.00
7.502E+12,,,PARACETAMOL ( SON'S PIRAL ) JARABE INFANTIL 3.2G/100ML,,,,,$24.12,0,$0.00
7.50105E+12,,,PARACETAMOL ( TASINEC ) INYECTABLE 1000 MG / 100 ML,,,,,$73.56,0,$0.00
7.503E+12,,,PARACETAMOL ( WAMINDEL ) GOTAS 100 MG / 1ML,,,,,$13.59,0,$0.00
7.502E+12,,,PARACETAMOL (ACETAFEN) TABLETA 500MG C/12,,,,,$16.58,0,$0.00
8.90773E+12,,,PARACETAMOL (ACETIF SI) SOLUCION INYECTABLE 100 MG/ 10 ML,,,,,$77.93,0,$0.00
7.50139E+12,,,PARACETAMOL (HORMONA LAB) TABLETAS 500 MG C/10,,,,,$6.49,0,$0.00
7.50221E+12,,,PARACETAMOL (LOEFFLER) SUPOSITORIO 300 MG,,,,,$7.10,0,$0.00
7.50221E+12,,,PARACETAMOL (PROSEDAL) JBE 32mg C/120ML,,,,,$14.91,0,$0.00
7.50157E+12,,,PARACETAMOL (QUITADOL)  TAB 750 C/10,,,,,$8.05,0,$0.00
7.50157E+12,,,PARACETAMOL (QUITADOL) TABLETAS 500 MG C/10,,,,,$4.25,0,$0.00
7.50602E+12,,,PARACETAMOL (SENSIFAZOL) SOLUCION INYECTABLE 100 MG / 100 ML,,,,,$66.67,0,$0.00
7.503E+12,,,PARACETAMOL (WAMINDEL) JARABE INFANTIL 3.2 GR / 100ML,,,,,$13.49,20,$269.80
7.50111E+12,,,PARACETAMOL / CAFEINA / CLORFENAMINA (MASFEROL) TAB,,,,,$17.00,0,$0.00
7.50201E+12,,,PARACETAMOL / CLORZOXAZONA ( MEDIGEN ) TABLETAS 300/250MG C/30,,,,,$63.56,10,$635.60
7.50201E+12,,,PARACETAMOL / GUAIFENESINA / FENILEFRINA / CLORFENAMINA ( CO- EXALIV) JARABE,,,,,$21.66,0,$0.00
7.50184E+12,,,PARACETAMOL / IBUPROFENO ( DUALGOS ) TABLETAS 325MG/200MG C/20,,,,,$29.55,30,$886.50
7.50301E+12,,,PARACETAMOL / LORATADINA / DEXTROMETORFANO (LADEXGEL) 300MG/2MG/10MG CAPSULAS C/12,,,,,$20.47,0,$0.00
7.50154E+12,,,"PARACETAMOL / NAPROXENO  ( BRUNADOL ) SUSPENSION  100 MG , 125 MG / 5 ML",,,,,$39.34,0,$0.00
7.50223E+12,,,PARACETAMOL / TRAMADOL ( ROMINSOL ) TABLETA 325 MG / 37.5 MG C/20,,,,,$29.15,0,$0.00
7.50221E+12,,,PARACETAMOL 300mg SUPOSITORIOS (PIREMOL),,,,,$15.11,0,$0.00
7.50111E+12,,,PARACETAMOL 500 MG (ANTIDOL) CAJA C/ 20 TABLETAS,,,,,$16.59,0,$0.00
7.50221E+12,,,PARACETAMOL 500MG PORTEM,,,,,$3.66,0,$0.00
1.97886E+11,,,PARACETAMOL SOL. 1000 MG/100 ML (ACETIF SI),,,,,$73.72,0,$0.00
235,,,"PARATOHORMONA TIROIDEA (PTH, PARATHORMONA)",,,,,$560.00,0,$0.00
6682252,,,Paratohormona tiroidea PTH,,,,,$970.00,0,$0.00
7.50136E+12,,,PASSIFLORA / IGNATIA / VALERIANA ( SIMPLEX ) C/ 30 TABLETAS,,,,,$77.89,7,$545.23
7.50136E+12,,,PASSIFLORA / IGNATIA / VALERIANA ( SIMPLEX ) C/ 60 TABLETAS,,,,,$126.63,0,$0.00
VPH14,,,PCR DETECCIÓN DE VPH 14 GENOTIPOS EN SUERO,,,,,"$2,210.00",0,$0.00
7.50103E+12,,,Pedialyte electrolitos orales 500 ml  (COCO),,,,,$14.73,0,$0.00
7.50103E+12,,,Pedialyte electrolitos orales 500 ml (CEREZA),,,,,$14.73,0,$0.00
7.50103E+12,,,Pedialyte electrolitos orales 500 ml (FRESA),,,,,$14.73,0,$0.00
7.50103E+12,,,Pedialyte electrolitos orales 500 ml (MANZANA),,,,,$14.73,0,$0.00
7.19886E+11,,,PELON CHUPELON,,,,,$3.00,0,$0.00
75081348,,,PELON CHUPELON,,,,,$3.00,0,$0.00
7.19886E+11,,,PELON PELONETA,,,,,$3.94,0,$0.00
7.50135E+12,,,PENTOXIFILINA ( AMSA ) TAB 400 MG C / 30,,,,,$52.79,0,$0.00
PEPC236,,,PEPTIDO C,,,,,$290.00,0,$0.00
bnp,,,PEPTIDO NATRIURETICO B (BNP),,,,,$770.00,0,$0.00
6682215,,,PERFIL ALERGICO,,,,,$280.00,0,$0.00
237,,,PERFIL BIOQUIMICO 12,,,,,$165.00,0,$0.00
238,,,PERFIL BIOQUIMICO 15,,,,,$210.00,0,$0.00
239,,,PERFIL BIOQUIMICO 17,,,,,$295.00,0,$0.00
240,,,PERFIL BIOQUIMICO 24,,,,,$435.00,0,$0.00
310,,,PERFIL BIOQUIMICO 30,,,,,$500.00,0,$0.00
PB37,,,PERFIL BIOQUIMICO 37,,,,,$775.00,0,$0.00
PB44,,,PERFIL BIOQUIMICO 44,,,,,$990.00,0,$0.00
6682216,,,PERFIL BIOQUIMICO I (15 DETERMINACIONES),,,,,$220.00,0,$0.00
85121800,,,PERFIL CARDIACO,,,,,$330.00,0,$0.00
6682221,,,PERFIL CLINICO,,,,,$185.00,0,$0.00
6682230,,,PERFIL DE LIPIDOS,,,,,$160.00,0,$0.00
6682232,,,PERFIL DIABETICO I,,,,,$550.00,0,$0.00
PERFETS,,,PERFIL ETS,,,,,"$1,115.00",0,$0.00
PFH,,,PERFIL HEPATICO I (PFH),,,,,$250.00,0,$0.00
6682236,,,PERFIL HEPATICO II,,,,,$140.00,0,$0.00
6682249,,,PERFIL HEPATICO III,,,,,$220.01,0,$0.00
99999,,,PERFIL HIERRO,,,,,$855.00,0,$0.00
246,,,PERFIL HORMONAL FEMENINO 3,,,,,$685.00,0,$0.00
247,,,PERFIL HORMONAL FEMENINO 4,,,,,$785.00,0,$0.00
248,,,PERFIL HORMONAL FEMENINO 5,,,,,$840.00,0,$0.00
249,,,PERFIL HORMONAL FEMENINO 6,,,,,$945.00,0,$0.00
59683,,,PERFIL HORMONAL MASCULINO,,,,,$785.00,0,$0.00
6682242,,,PERFIL PRENATAL I,,,,,$150.00,0,$0.00
6682243,,,PERFIL PRENATAL II,,,,,$250.00,0,$0.00
6682211,,,PERFIL PRENATAL III,,,,,$320.00,0,$0.00
6682335,,,PERFIL PREOPERATORIO II,,,,,$290.00,0,$0.00
6682245,,,PERFIL RENAL,,,,,$215.00,0,$0.00
6682246,,,PERFIL REUMATICO,,,,,$215.00,0,$0.00
6682240,,,PERFIL TESTICULAR,,,,,$650.00,0,$0.00
6682250,,,PERFIL TIROIDEO I (BASICO),,,,,$265.00,0,$0.00
6682251,,,PERFIL TIROIDEO II (COMPLETO),,,,,$300.00,0,$0.00
6682247,,,PERFIL TORCH (IgG),,,,,$700.00,0,$0.00
6682248,,,PERFIL TORCH IgM,,,,,$700.00,0,$0.00
PERFIL VIRAL DE ,,,PERFIL VIRAL DE HEPATITIS ABC,,,,,"$1,900.00",0,$0.00
HEPATITIS ABC,,,,,,,,,,
15896,,,"PERFIL VIRAL Hepatitis B, C, HIV",,,,,$985.00,0,$0.00
75017071,,,PHARMACET 500 MG C/10 TAB (PARACETAMOL),,,,,$4.43,0,$0.00
75038458,,,PICAFRESA,,,,,$0.54,0,$0.00
7.50109E+12,,,PICOSULFATO SODICO (ANARA) GOTAS 7.5 ML,,,,,$120.95,0,$0.00
IM09-97,,,PINZA ADSON C/DIENTES 12CM,,,,,$59.00,0,$0.00
4682,,,PINZA BOZEMAN RTA 25 CN HP,,,,,$267.33,0,$0.00
IM09-151,,,PINZA DOYEN LONGITIUDINAL 23,,,,,$308.00,0,$0.00
4268,,,PINZA FORESTER ANILLOS GRANDE CURVA 24 HP,,,,,$249.50,0,$0.00
IM09-61,,,PINZA FORESTER POR ESP CURV 24 CM,,,,,$233.50,0,$0.00
IM09-71,,,PINZA HALSTEAD MOSQUITO CURVA 12,,,,,$100.00,0,$0.00
IM09-72,,,PINZA HALSTEAD MOSQUITO RECTA 12,,,,,$100.00,0,$0.00
4028,,,PINZA HARTMAN ALLIGATOR 20 CM ECO,,,,,$499.01,0,$0.00
628,,,PINZA POSSI 25 CM ECO,,,,,$213.86,0,$0.00
7.50222E+12,,,PIPERIDOLATO ( ULTRA ) COMPRIMIDO 100 MG C 30 COMPRIMIDOS,,,,,$182.42,0,$0.00
7.80083E+11,,,PLANTAGO PSYLLIUM (FIBROMUCIL) 250 G,,,,,$82.35,0,$0.00
7.80083E+11,,,PLANTAGO PSYLLIUM (FIBROMUCIL) 250G FRESA,,,,,$94.66,5,$473.30
7.50108E+12,,,PLANTAGO PSYLLIUM (NOVAGON) 49.70 G PLVO C/400G,,,,,$95.15,0,$0.00
7.50108E+12,,,PLANTAGO PSYLLIUM SABOR NARANJA PIÑA (NOVAGON) 49.70G POLVO C/400G,,,,,$93.24,0,$0.00
254,,,PLOMO EN PLASMA,,,,,$650.00,0,$0.00
7.503E+12,,,POLIETILENGLICOL ( KOILOSELL )  POLVO 105GR  SOBRES CON 109.6 G C/4,,,,,$181.02,0,$0.00
7.503E+12,,,POLIVITAMINA / MINERAL (POLYBION) TABLETAS C/20,,,,,$19.66,0,$0.00
IM13-06,,,PORTA AGUJAS MAYO HEGAR 14CM H.P.,,,,,$117.00,0,$0.00
L256,,,POTASIO,,,,,$55.00,0,$0.00
257,,,POTASIO URINARIO,,,,,$90.00,0,$0.00
7.50149E+12,,,PRAVASTATINA ( GLICOSAR ) TABLETAS  10 MG,,,,,$9.44,0,$0.00
7.50108E+12,,,PRAVASTATINA ( NOVINA )  TABLETAS 10 MG,,,,,$17.42,0,$0.00
7.50201E+12,,,PRAVASTATINA (PRASIVER) TABLETA 10 MG C/15 TAB,,,,,$15.50,0,$0.00
7.50201E+12,,,PRAVASTATINA (PRASIVER) TABLETAS 10MG C/30,,,,,$18.10,0,$0.00
7.50135E+12,,,PRAVASTATINA 10 MG,,,,,$14.15,0,$0.00
18092023,,,PREALBUMINA,,,,,$590.00,0,$0.00
7.50201E+12,,,PREDNISOLONA ( NISOLVER ) SOLUCION 1MG/ML C/100ML,,,,,$68.96,0,$0.00
7.50223E+12,,,PREDNISONA ( DONSICOL ) TABLETAS 50 MG,,,,,$45.42,0,$0.00
7.80083E+11,,,PREDNISONA ( NOSIPREN )TABLETA 5MG C/30,,,,,$20.22,0,$0.00
7.05022E+13,,,PREDNISONA (DONSICOL) TAB 50 MG,,,,,$28.24,0,$0.00
7.50223E+12,,,PREDNISONA (DONSICOL) TABLETAS 5.0 MG C/20,,,,,$13.93,0,$0.00
7.50154E+12,,,PREDNISONA (NORAPRED) 50 MG CAJA C/20 TAB,,,,,$41.85,0,$0.00
7.80083E+11,,,PREDNISONA (NOSIPREN)  TABLETAS 20.0 MG C/30,,,,,$24.14,0,$0.00
7.50223E+12,,,PREDNISONA 30 TAB. 20MG (DONSICOL),,,,,$37.29,0,$0.00
7.50134E+12,,,PREDNISONA 5MG C/20 TAB (AVIVIA),,,,,$13.86,0,$0.00
7.50135E+12,,,PREGABALINA ( AMSA ) CAPSULA 75 C/14,,,,,$22.87,0,$0.00
7.50222E+12,,,PREGABALINA ( AVIVIA ) CAPSULAS 75 MG C/14,,,,,$31.03,0,$0.00
7.50201E+12,,,PREGABALINA ( BIPALVER ) TAB 75 MG C/14,,,,,$40.23,0,$0.00
7.50222E+12,,,PREGABALINA ( ULTRA ) CAPSULAS 75 MG C/28,,,,,$60.67,0,$0.00
7.50222E+12,,,PREGABALINA ( ULTRA)  CAPSULAS 150 MG C/28,,,,,$92.58,0,$0.00
7.50135E+12,,,PREGABALINA (AMSA) 75 MG C/ 28,,,,,$34.60,0,$0.00
7.50223E+12,,,PREGABALINA (RAMSUN) TAB 75MG C/28,,,,,$32.29,0,$0.00
7.50222E+12,,,PREGABALINA (ULTRA) CAPSULA 75 MG C/14,,,,,$21.76,0,$0.00
7.50222E+12,,,PREGABALINA (ULTRA) CAPSULAS 150 MG C/ 14,,,,,$37.93,0,$0.00
7.5011E+12,,,PREGABALINA / TRAMADOL ( LOBUXAL ) TABLETA 75MG/50MG C/20,,,,,$482.36,0,$0.00
6682258,,,PRENUPCIALES (1 PERSONA),,,,,$100.00,0,$0.00
6682259,,,PRENUPCIALES (PAREJA),,,,,$90.00,0,$0.00
7.50201E+12,,,PRESERVATIVO MAXIMUM SENS CART C/3,,,,,$10.53,89,$937.17
PRESERVATIVOS,,,PRESERVATIVOS,,,,,$2.00,0,$0.00
7.50221E+12,,,PRESERVATIVOS GINECOLOGIA,,,,,$287.36,0,$0.00
7.50226E+12,,,PROBIOTICOS / INULINA (LACTIV) C/6 SOBRES,,,,,$45.18,10,$451.80
7.50226E+12,,,PROBIÓTICOS / PROTEINA DE SOYA ( LACTIV KIDS ) SOBRES  C/6  5G,,,,,$37.48,30,"$1,124.40"
SERVICIO 23,,,PROCEDIMIENTO  100,,,,,$83.00,0,$0.00
SERVICIO 32,,,PROCEDIMIENTO 1000,,,,,$830.00,0,$0.00
SERVICIO 33,,,PROCEDIMIENTO 1100,,,,,$913.00,0,$0.00
SERVICIO 34,,,PROCEDIMIENTO 1200,,,,,$996.00,0,$0.00
SERVICIO 35,,,PROCEDIMIENTO 1300,,,,,"$1,079.00",0,$0.00
SERVICIO 36,,,PROCEDIMIENTO 1400,,,,,"$1,162.00",0,$0.00
SERVICIO 37,,,PROCEDIMIENTO 1500,,,,,"$1,245.00",0,$0.00
SERVICIO 38,,,PROCEDIMIENTO 1600,,,,,"$1,328.00",0,$0.00
SERVICIO 39,,,PROCEDIMIENTO 1700,,,,,"$1,411.00",0,$0.00
SERVICIO 40,,,PROCEDIMIENTO 1800,,,,,"$1,494.00",0,$0.00
SERVICIO 41,,,PROCEDIMIENTO 1900,,,,,"$1,577.00",0,$0.00
SERVICIO 24,,,PROCEDIMIENTO 200,,,,,$166.00,0,$0.00
SERVICIO 42,,,PROCEDIMIENTO 2000,,,,,"$1,660.00",0,$0.00
SERVICIO 70,,,PROCEDIMIENTO 2500,,,,,"$2,375.00",0,$0.00
SERVICIO 43,,,PROCEDIMIENTO 2800,,,,,"$2,000.00",0,$0.00
SERVICIO 25,,,PROCEDIMIENTO 300,,,,,$249.00,0,$0.00
SERVICIO 26,,,PROCEDIMIENTO 400,,,,,$332.00,0,$0.00
SERVICIO 27,,,PROCEDIMIENTO 500,,,,,$415.00,0,$0.00
SERVICIO 28,,,PROCEDIMIENTO 600,,,,,$498.00,0,$0.00
SERVICIO 29,,,PROCEDIMIENTO 700,,,,,$581.00,0,$0.00
SERVICIO 30,,,PROCEDIMIENTO 800,,,,,$664.00,0,$0.00
SERVICIO 31,,,PROCEDIMIENTO 900,,,,,$747.00,0,$0.00
6682260,,,PROGESTERONA,,,,,$150.00,0,$0.00
7.502E+12,,,PROGESTERONA ( GESTAGENO ) 200MG C/15,,,,,$177.50,0,$0.00
7.50222E+12,,,PROGESTERONA ( ULTRA ) GEL 1.0G/100G C/1 TUBO,,,,,$186.24,1,$186.24
6682261,,,PROLACTINA,,,,,$160.00,0,$0.00
1001,,,PROTECTOR SOLAR,,,,,$0.00,0,$0.00
5001,,,PROTECTOR SOLAR,,,,,$0.00,0,$0.00
501,,,PROTECTOR SOLAR,,,,,$0.00,0,$0.00
7.50126E+12,,,PROTECTOR SOLAR,,,,,$62.59,0,$0.00
888,,,PROTECTOR SOLAR,,,,,$0.00,0,$0.00
4.0058E+12,,,PROTECTOR SOLAR (NIVEA),,,,,$138.76,0,$0.00
7.50221E+12,,,PROTECTOR SOLAR CON REPELENTE DE MOSQUITOS ( SOLQUIETO) CREMA 125ML C/1,,,,,$82.49,0,$0.00
6682262,,,PROTEINA C REACTIVA,,,,,$85.00,0,$0.00
6682266,,,PROTEINAS TOTALES (ORINA 24 HORAS),,,,,$60.00,0,$0.00
6682051,,,PROTEINAS TOTALES SERICAS,,,,,$45.00,0,$0.00
6682269,,,PRUEBA DE EMBARAZO EN ORINA,,,,,$50.00,0,$0.00
6682270,,,PRUEBA DE EMBARAZO EN SUERO,,,,,$4.18,450,"$1,881.00"
458296,,,PRUEBA INMUNOLOGICA FECAL,,,,,$0.00,0,$0.00
CERTUM,,,PRUEBA RAPIDA DE DENGUE (CERTUM),,,,,$90.16,0,$0.00
SARS-COV2 AMUNET,,,PRUEBA SARS-COV2 AMUNET,,,,,$76.56,180,"$13,780.80"
7.25226E+11,,,PULPARINDO TAMARINDO,,,,,$6.00,0,$0.00
7.50401E+12,,,PUNTILLAS NASALES,,,,,$16.48,0,$0.00
6682852,,,QUIMICA SANGUINEA 3 ELEMENTOS (QS 3),,,,,$75.00,0,$0.00
6682273,,,QUIMICA SANGUINEA 5 ELEMENTOS (QS5),,,,,$95.00,0,$0.00
6682274,,,QUIMICA SANGUINEA 6 ELEMENTOS (QS6),,,,,$115.00,0,$0.00
6682275,,,QUIMICA SANGUINEA 7 ELEMENTOS (QS7),,,,,$125.00,0,$0.00
7.50223E+12,,,QUINFAMIDA ( DOMITRIM ) TABS 300MG C/1,,,,,$18.30,0,$0.00
7.50201E+12,,,QUINFAMIDA - ALBENDAZOL ( FARMIVER ) TABLETA 150 MG / 200 MG,,,,,$20.41,8,$163.28
7.50201E+12,,,QUINFAMIDA / ALBENDAZIL ( FARMIVER )  SUSPENCION INFANTIL 10 MG/400 MG,,,,,$24.27,0,$0.00
7.50201E+12,,,QUINFAMIDA / ALBENDAZOL 100 MG/200MG SUSP PEDIÁTRICA,,,,,$22.98,20,$459.60
7.50221E+12,,,"QUINFAMIDA, ALBENDAZOL 2 TAB. 150MG/200MG (LO-BRUQUIN)",,,,,$16.91,0,$0.00
7.50301E+12,,,RACECADOTRILO (HIDRASEC) CAP 100 MG C/9,,,,,$284.01,0,$0.00
7.50301E+12,,,RACECADOTRILO (HIDRASEC) GRANDULADO 30 MG,,,,,$227.00,0,$0.00
7.50301E+12,,,RACECADOTRILO (HIDRASEC) SOBRES 10 MG C/18,,,,,$208.23,0,$0.00
7.50201E+12,,,RACECADOTRILO (MAVER) GANULADO 10 MG/ 18 SOBRES,,,,,$37.93,0,$0.00
7.50201E+12,,,RACECADOTRILO (MAVER) GRANULADO 30 MG C/ 18 SOBRES,,,,,$51.40,8,$411.20
SINSIN37490,,,RAYOS TORAX OSEO 1 POSICION,,,,,$285.00,0,$0.00
SINSIN43396,,,RAYOS X ABDOMEN 1 POSICION,,,,,$285.00,0,$0.00
SINSIN41284,,,RAYOS X ABDOMEN 2 POSICIONES,,,,,$522.00,0,$0.00
SINSIN36875,,,RAYOS X ANTEBRAZO 1 POSICION,,,,,$285.00,0,$0.00
SINSIN62467,,,RAYOS X ANTEBRAZO 2 POSICIONES,,,,,$522.00,0,$0.00
SINSIN70703,,,RAYOS X ATM ( ARTICULACION TEMPORO-MANDIBULAR),,,,,$712.50,0,$0.00
SINSIN39716,,,RAYOS X BRAZO HUMERO 1 POSICION,,,,,$285.00,0,$0.00
SINSIN11338,,,RAYOS X BRAZO HUMERO 2 POSICIONES,,,,,$522.00,0,$0.00
SINSIN74861,,,RAYOS X CADERA 1 POSICION,,,,,$285.00,0,$0.00
SINSIN35731,,,RAYOS X CADERA 2 POSICIONES,,,,,$522.00,0,$0.00
SERSAN92901,,,RAYOS X CALCANEO Y TALON 1 POSICION,,,,,$285.00,0,$0.00
SINSIN91089,,,RAYOS X CALCANEO Y TALON 2 POSICIONES,,,,,$522.00,0,$0.00
SINSIN61988,,,RAYOS X CERVICAL 1 POSICION,,,,,$285.00,0,$0.00
SINSIN16707,,,RAYOS X CERVICAL 2 POSICIONES,,,,,$522.00,0,$0.00
SINSIN70781,,,RAYOS X CERVICAL 4 POSICIONES,,,,,$855.00,0,$0.00
SINSIN54219,,,RAYOS X CLAVICULA AP Y OBLICUA (2 POSICIONES),,,,,$522.00,0,$0.00
SINSIN94958,,,RAYOS X CODO 1 POSICION,,,,,$285.00,0,$0.00
SINSIN94959,,,RAYOS X CODO 2 POSICIONES,,,,,$522.00,0,$0.00
SINSIN38495,,,RAYOS X COXIS 1 POSICION,,,,,$285.00,0,$0.00
SINSIN77209,,,RAYOS X COXIS 2 POSICIONES,,,,,$522.00,0,$0.00
SINSIN83399,,,RAYOS X CRANEO 1 POSICION,,,,,$285.00,0,$0.00
SINSIN31174,,,RAYOS X CRANEO 2 POSICIONES,,,,,$522.00,0,$0.00
SINSIN81248,,,RAYOS X DORSAL 1 POSICION,,,,,$285.00,0,$0.00
SINSIN47293,,,RAYOS X DORSAL 2 POSICIONES,,,,,$522.00,0,$0.00
SERVICIO 67,,,RAYOS X EMPRESARIAL URGENCIAS CON INTERPRETACION DE ESPECIALISTA,,,,,$570.00,0,$0.00
SINSIN39482,,,RAYOS X ESCAPULA 1 POSICION,,,,,$285.00,0,$0.00
SINSIN60635,,,RAYOS X ESCAPULA 2 POSICIONES,,,,,$522.00,0,$0.00
SINSIN30416,,,RAYOS X FEMUR 2 POSICIONES,,,,,$522.00,0,$0.00
SINSIN67393,,,RAYOS X HOMBRO 1 POSICION,,,,,$285.00,0,$0.00
SINSIN85957,,,RAYOS X HOMBRO 2 POSICIONES,,,,,$522.00,0,$0.00
SINSIN95398,,,RAYOS X LUMBAR 1 POSICION,,,,,$285.00,0,$0.00
SINSIN23529,,,RAYOS X LUMBAR 2 POSICIONES,,,,,$522.00,0,$0.00
SINSIN59477,,,RAYOS X LUMBAR 4 POSICIONES,,,,,$855.00,0,$0.00
SINSIN94957,,,RAYOS X MANO 1 POSICION,,,,,$285.00,0,$0.00
SINSIN67573,,,RAYOS X MANO 2 POSICIONES,,,,,$522.00,0,$0.00
SINSIN12505,,,RAYOS X MANO 4 POSICIONES,,,,,$855.00,0,$0.00
SINSIN61231,,,RAYOS X MUÑECA 1 POSICION,,,,,$285.00,0,$0.00
SINSIN89163,,,RAYOS X MUÑECA 1 POSICION,,,,,$285.00,0,$0.00
SINSIN16853,,,RAYOS X MUÑECA 2 POSICIONES,,,,,$522.00,0,$0.00
SERVICIO 59,,,RAYOS X NOCTURNO 1 POSICION,,,,,$332.50,0,$0.00
SERVICIO 60,,,RAYOS X NOCTURNO 2 POSICIONES,,,,,$760.00,0,$0.00
SERSAN42599,,,RAYOS X PELVIS 1 POSICION,,,,,$285.00,0,$0.00
SINSIN85105,,,RAYOS X PELVIS 2 POSICIONES,,,,,$522.00,0,$0.00
SINSIN82544,,,RAYOS X PELVIS 4 POSICIONES,,,,,$855.00,0,$0.00
SINSIN27950,,,RAYOS X PERFILOGRAMA 1 POSICION,,,,,$285.00,0,$0.00
SINSIN47018,,,RAYOS X PIE 1 POSICION,,,,,$285.00,0,$0.00
SINSIN47017,,,RAYOS X PIE 2 POSICIONES,,,,,$522.00,0,$0.00
SINSIN89205,,,RAYOS X PIE 4 POSICIONES,,,,,$855.00,0,$0.00
SINSIN20699,,,RAYOS X PIERNA  2 POSICIONES,,,,,$522.00,0,$0.00
SINSIN70702,,,RAYOS X PIERNA 4 POSICIONES,,,,,$855.00,0,$0.00
SINSIN83935,,,RAYOS X RODILLA 1 POSICION,,,,,$285.00,0,$0.00
SINSIN52364,,,RAYOS X RODILLA 2 POSICIONES,,,,,$522.00,0,$0.00
SINSIN26913,,,RAYOS X RODILLA AP COMP 3 POSICIONES,,,,,$665.00,0,$0.00
SINSIN94724,,,RAYOS X RODILLA AP COMP 4 POSICIONES,,,,,$855.00,0,$0.00
SINSIN69159,,,RAYOS X SENOS PARANASALES 1 POSICION,,,,,$285.00,0,$0.00
SINSIN17331,,,RAYOS X SENOS PARANASALES 2 POSICIONES,,,,,$522.00,0,$0.00
SINSIN62258,,,RAYOS X SENOS PARANASALES 3 POSICIONES,,,,,$665.00,0,$0.00
SINSIN67923,,,RAYOS X TELE DE TORAX 1 POSICION,,,,,$285.00,0,$0.00
SINSIN77673,,,RAYOS X TELE DE TORAX 2 POSICIONES,,,,,$522.00,0,$0.00
SINSIN83918,,,RAYOS X TOBILLO 1 POSICION,,,,,$285.00,0,$0.00
SINSIN55958,,,RAYOS X TOBILLO 2 POSICIONES,,,,,$522.00,0,$0.00
SINSIN55585,,,RAYOS X TOBILLO 4 POSICIONES,,,,,$855.00,0,$0.00
SINSIN16204,,,RAYOS X TORAX OSEO 2 POSICIONES,,,,,$522.00,0,$0.00
6682276,,,REACCIONES FEBRILES,,,,,$55.00,0,$0.00
RECAMBSONDA,,,RECAMBIO DE SONDA FOLEY,,,,,$98.55,0,$0.00
RECAMMSONDSINMAT,,,RECAMBIO DE SONDA S/MATERIAL,,,,,$200.00,0,$0.00
7.93889E+11,,,RECOLECTOR DESECHABLE ROJ 2.7,,,,,$36.47,0,$0.00
7.93889E+11,,,RECOLECTOR DESECHABLE ROJO RPBI,,,,,$151.58,10,"$1,515.80"
401151,,,REFLECTOR LED,,,,,$249.10,0,$0.00
4481,,,RELACION ALBUMINA / CREATININA,,,,,$460.00,0,$0.00
7.504E+12,,,REPELENTE DE INSECTOS Y MOSQUITOS 60ML,,,,,$31.29,0,$0.00
SERVICIO 63,,,REPORTE DE URGENCIA,,,,,$415.00,0,$0.00
6682278,,,RETICULOCITOS,,,,,$40.00,0,$0.00
RETICUEREXT,,,RETIRO DE CUERPO EXTRAÑO,,,,,$198.55,0,$0.00
SERVICIO 13,,,RETIRO DE DIU,,,,,$290.50,0,$0.00
SERVICIO 14,,,RETIRO DE IMPLANTE  1,,,,,$290.50,0,$0.00
SERVICIO 15,,,RETIRO DE IMPLANTE 2,,,,,$456.50,0,$0.00
RETIROPUO05,,,RETIRO DE PUNTOS 0-5,,,,,$10.03,0,$0.00
RETIROPU610,,,RETIRO DE PUNTOS 6-10,,,,,$15.20,0,$0.00
RETIROPUN11,,,RETIRO DE PUNTOS MAS DE 11,,,,,$20.36,0,$0.00
RETIROSONDA,,,RETIRO DE SONDA FOLEY,,,,,$16.26,0,$0.00
SERVICIO 22,,,RETIRO DE VERRUGA,,,,,$166.00,0,$0.00
RIÑONERA DE ADULTO,,,RIÑONERA DE ADULTO 800ML,,,,,$21.76,0,$0.00
RIÑONERA INFANTIL,,,RIÑONERA INFANTIL 350ML,,,,,$18.03,0,$0.00
110731,,,ROCKALETA,,,,,$0.00,0,$0.00
7.50101E+12,,,ROCKALETA,,,,,$6.50,0,$0.00
6682280,,,ROTAVIRUS,,,,,$140.00,0,$0.00
SABANA,,,SABANA DE CAJON DESECHABLE NO ESTERIL 120 X 220,,,,,$127.60,32,"$4,083.20"
SABANA PLANA,,,SABANA PLANA NO ESTERIL 1 X 2,,,,,$66.12,33,"$2,181.96"
7.50226E+12,,,SACCHAROMYCES BOULARDII ( PROBIOVER ) SOBRES 200MG,,,,,$40.00,0,$0.00
7.50226E+12,,,SACCHAROMYCES BOULARDII (PROBIOVER) CAPSULAS 355 MG,,,,,$51.57,15,$773.55
7.50226E+12,,,SACCHAROMYCES BOULARDII (PROBIOVER) PEDIATRICO 1G C/6 SOBRES,,,,,$59.52,0,$0.00
7.50156E+12,,,SALBUTAMOL ( ASSAL ) AEROSOL 20 MG,,,,,$24.16,0,$0.00
7.50221E+12,,,SALBUTAMOL ( FARMAREST) AEROSOL 100 MICROGRAMOS,,,,,$31.25,0,$0.00
7.50635E+12,,,SALBUTAMOL ( SOFAMIX ) SOLUCION P/NEBULIZAR 5 MG CON10ML,,,,,$30.96,2,$61.92
7.50602E+12,,,SALBUTAMOL (BRESALTEC)  SPRAY 100 UG,,,,,$41.18,0,$0.00
7.50135E+12,,,SALBUTAMOL(AMSA)SOLUCION P/NEBULIZAR 5MG/10ML,,,,,$35.29,0,$0.00
4238010,,,SELLO VENOSO,,,,,$13.26,150,"$1,989.00"
4.02268E+12,,,SELTZ 6.2G C/13 TAB EFERV LIM LIMON,,,,,$71.69,0,$0.00
7.50301E+12,,,SEMAGLUTIDA (RYBELSUS )TAB 3 MG C/10,,,,,$741.19,0,$0.00
7.50301E+12,,,SENOSIDOS A B (PRUGNEX) 12 MG / 50 MG,,,,,$37.70,0,$0.00
7.50113E+12,,,SENOSIDOS A Y B (LAXACAPS) CAP 12 MH/50 MG C/ 30,,,,,$52.87,0,$0.00
8.21998E+11,,,SENOSIDOS A-B ( SCHOEN ) TABLETAS 8.6MG C/20,,,,,$7.70,0,$0.00
7.50149E+12,,,SENOSIDOS A-B (KENER) TABLETAS 8.6 MG C/20,,,,,$11.29,0,$0.00
7.50222E+12,,,SENOSIDOS A-B (LAB ULTRA) 8.6 MG TABLETAS C/20,,,,,$12.36,0,$0.00
7.50222E+12,,,SENOSIDOS A-B C-MOTIL,,,,,$11.21,0,$0.00
SINSIN49133,,,SERIE ESOFAGOGRAMA,,,,,"$1,600.00",0,$0.00
SINSIN49464,,,SERIE GASTRODUODENAL,,,,,"$1,600.00",0,$0.00
7.50139E+12,,,SERRATIOPEPTIDASA ( DANZEN ) 10MG  C/10 TABLETAS,,,,,$316.16,0,$0.00
7.50135E+12,,,SERTRALINA ( AMSA ) TABLETA 50 MG,,,,,$25.48,0,$0.00
7.50225E+12,,,SERTRALINA ( TRAKOS ) TABLETA 50MG C/1,,,,,$21.39,0,$0.00
7.80083E+11,,,SERTRALINA (ALUPREX) CAPSULA  50 MG C/20 CAP,,,,,$26.90,0,$0.00
7.50156E+12,,,SERTRALINA (BIOTRADE) TABLETAS 50MG,,,,,$19.54,0,$0.00
7.50149E+12,,,SERTRALINA (SALINAKER) 50 MG C/14 CAPSULAS,,,,,$28.29,0,$0.00
7.50046E+12,,,SERTRALINA 50 MG CAP C/14,,,,,$16.55,0,$0.00
7.50955E+12,,,SERUM (GARNIER),,,,,$151.69,0,$0.00
SERVICIO 55,,,SERVICIO A EMPRESA,,,,,$10.00,0,$0.00
7.50223E+12,,,SILDENAFIL ( ACTIRAAM ) TABLETA 100 MG C/1,,,,,$11.81,0,$0.00
7.50223E+12,,,SILDENAFIL ( ACTIRAAM ) TABLETA 100 MG C/4,,,,,$19.33,0,$0.00
7.50223E+12,,,SILDENAFIL (ACTIRAAM)  TABLETAS 50MG C/10,,,,,$44.21,0,$0.00
7.50223E+12,,,SILDENAFIL (ACTIRAAM) TAB 50 MG,,,,,$5.67,0,$0.00
7.50223E+12,,,SILDENAFIL (ACTIRAAM) TABLETA 50 MG C/4,,,,,$11.38,0,$0.00
7.50103E+12,,,SIMILAC TOTAL COMFORT 820G,,,,,$300.00,0,$0.00
7.50136E+12,,,SIMPLEX TAB 30 TAB,,,,,$107.90,0,$0.00
7.50149E+12,,,SIMVASTATINA ( XANTEROK ) TABLETAS 20 MG C/30,,,,,$36.52,0,$0.00
7.50227E+12,,,SNICKERS MINIS,,,,,$7.00,0,$0.00
6682283,,,SODIO SERICO,,,,,$55.00,0,$0.00
7.50138E+12,,,SOL. HARTMAN 1000 ML,,,,,$17.00,0,$0.00
7.50301E+12,,,SOLUCIÓN ANTISÉPTICA ( MICRODACYN ) 240ML.,,,,,$294.59,0,$0.00
7.50225E+12,,,SOLUCION ANTISEPTICA (MICRIDACYN) 60ML,,,,,$100.04,0,$0.00
7.50105E+12,,,SOLUCION DESINFECTANTE ( DERMO QRIT ) 500 ML,,,,,$41.06,5,$205.30
SL05-12,,,SOLUCION DX 5% 500ML,,,,,$33.33,0,$0.00
SL05-24,,,SOLUCIÓN DX 50% 50 ML FLEXOVAL,,,,,$47.92,0,$0.00
7.50113E+12,,,SOLUCION DX-10% 500ML,,,,,$38.45,0,$0.00
75025014,,,SOLUCIÓN DX-5%  50 ML FLEXOVAL,,,,,$50.26,0,$0.00
7.50113E+12,,,SOLUCIÓN DX-5% GLUCOSA PISA 250ML,,,,,$24.32,0,$0.00
7.50227E+12,,,SOLUCION GLUCOSA  500ML DX- AL 5%,,,,,$59.27,0,$0.00
7.50105E+12,,,SOLUCION GLUCOSA (DEXTRALPHA) 5% INYECTABLE C/ 50 ML,,,,,$11.57,0,$0.00
7.50113E+12,,,SOLUCION GLUCOSA AL 5% (PISA) 500 ML,,,,,$32.56,0,$0.00
SINSIN53640,,,SOLUCION GLUCOSADO 5% 500ML,,,,,$24.72,0,$0.00
7.50105E+12,,,SOLUCION HARTMAN ( ALPHA ) 500 ML,,,,,$25.18,0,$0.00
7.50602E+12,,,SOLUCION HARTMAN 250 ML (DELMED),,,,,$21.84,0,$0.00
7.50105E+12,,,SOLUCION HARTMANN ( ALPHA ) 1000 ML,,,,,$26.18,0,$0.00
7.50113E+12,,,SOLUCION HARTMANN ( PISA ) 250 ML INY,,,,,$31.40,0,$0.00
7.50113E+12,,,SOLUCIÓN HARTMANN ( PISA ) 500ML,,,,,$41.13,0,$0.00
7.50602E+12,,,SOLUCION HARTMANN (DELMED) 1000 ML,,,,,$44.34,20,$886.80
7.50113E+12,,,SOLUCION HARTMANN (PISA) SOL INYECTABLE 1000 ML,,,,,$49.57,0,$0.00
7.50602E+12,,,SOLUCION HARTMANN 500 ML ( DELMED ) (BOLSA),,,,,$27.57,0,$0.00
SINSIN50323,,,SOLUCION HARTMANN 500ML,,,,,$30.72,0,$0.00
7.50105E+12,,,SOLUCION HARTMANN ALPHA 250ML,,,,,$14.02,51,$715.02
7.50135E+12,,,SOLUCION SUERO REHIDRATANTE JAMIACA 500ML (SOLURAL),,,,,$14.00,0,$0.00
7.50135E+12,,,SOLURAL COCO 500ML,,,,,$11.50,0,$0.00
7.50135E+12,,,SOLURAL COCO 500ML,,,,,$14.00,0,$0.00
7.50135E+12,,,SOLURAL DURAZNO 500ML,,,,,$13.94,0,$0.00
7.50135E+12,,,SOLURAL FRESA 500ML,,,,,$10.80,0,$0.00
7.50135E+12,,,SOLURAL FRESA 500ML,,,,,$14.00,0,$0.00
7.50135E+12,,,SOLURAL FRESA/KIWI 500ML,,,,,$14.00,0,$0.00
7.50135E+12,,,SOLURAL LIMA,,,,,$10.45,0,$0.00
7.50135E+12,,,SOLURAL LIMA / LIMON 500ML,,,,,$14.00,0,$0.00
7.50135E+12,,,SOLURAL MANZANA 500ML,,,,,$10.80,0,$0.00
7.50135E+12,,,SOLURAL MANZANA 500ML,,,,,$14.00,6,$84.00
7.50135E+12,,,SOLURAL MORA AZUL 500 ML,,,,,$14.00,0,$0.00
7.50135E+12,,,SOLURAL NARANJA/MANDARINA 500ML,,,,,$11.50,0,$0.00
7.50135E+12,,,SOLURAL NARANJA/MANDARINA 500ML,,,,,$14.00,2,$28.00
7.50135E+12,,,SOLURAL PED FRESA 300ML,,,,,$13.41,9,$120.69
7.50135E+12,,,SOLURAL PED MANZANA 300ML,,,,,$13.41,0,$0.00
7.50135E+12,,,SOLURAL PED UVA 300ML,,,,,$13.41,5,$67.05
7.50135E+12,,,SOLURAL PEDIATRICO UVA 500ML,,,,,$13.68,0,$0.00
7.50135E+11,,,SOLURAL UVA 500 ML,,,,,$13.68,12,$164.16
7.50135E+12,,,SOLURAL UVA 500ML,,,,,$14.00,-12,-$168.00
L211,,,SOMATOMEDINA C,,,,,$480.00,0,$0.00
7.50602E+12,,,SOND NELATON DE LATEX #14 (SENSIMEDICAL),,,,,$19.29,0,$0.00
7.50602E+12,,,SONDA FOLEY 16,,,,,$27.61,0,$0.00
7.50602E+12,,,SONDA FOLEY 18,,,,,$27.61,0,$0.00
SONDA FOLEY 18,,,SONDA FOLEY 18,,,,,$36.00,0,$0.00
7.50602E+12,,,SONDA FOLEY 20,,,,,$27.61,10,$276.10
7.50602E+12,,,SONDA NELATON DE LATEX #16 (SENSIMEDICAL),,,,,$19.55,0,$0.00
7.50221E+12,,,SUBSALICILATO DE BISMUTO ( LOEFFLER ) SUSPENSION 1.750G C/1,,,,,$30.00,0,$0.00
7.50223E+12,,,SUCRALFATO ( ALOMOON ) TAB 1G. C/40,,,,,$52.35,4,$209.40
7.50147E+12,,,SUCRALFATO ( DISCRAL ) TABLETAS 1G C/40,,,,,$59.41,0,$0.00
7.50222E+12,,,SUCRALFATO ( ULTRA ) TABLETAS 1 GR,,,,,$80.46,0,$0.00
7.503E+12,,,SUCRALFATO (ALIVOATO) TAB 1 GR C/40,,,,,$40.23,0,$0.00
6.5024E+11,,,SUEROX 8 IONES ALOE VERA-LYCHEE,,,,,$18.90,0,$0.00
6.5024E+11,,,SUEROX 8 IONES FRESA-KIWI,,,,,$18.90,0,$0.00
6.5024E+11,,,SUEROX 8 IONES LIMA-LIMON,,,,,$16.48,0,$0.00
6.5024E+11,,,SUEROX 8 IONES MANZANA,,,,,$18.90,0,$0.00
6.5024E+11,,,SUEROX 8 IONES MORA AZUL- HIERBABUENA,,,,,$18.90,0,$0.00
6.5024E+11,,,SUEROX 8 IONES NARANJA-MANDARINA,,,,,$18.90,0,$0.00
6.5024E+11,,,SUEROX 8 IONES UVA,,,,,$18.90,0,$0.00
6.5024E+11,,,SUEROX EXPLORERS DURAZNO,,,,,$14.60,0,$0.00
6.5024E+11,,,SUEROX EXPLORERS FRESA-KIWI,,,,,$14.60,0,$0.00
6.5024E+11,,,SUEROX EXPLORERS SABOR MANZANA,,,,,$12.87,0,$0.00
6.5024E+11,,,SUEROX EXPLORERS SABOR UVA,,,,,$13.86,0,$0.00
7.50221E+12,,,SULFADIAZINA 1% CREMA 28G (ARGEMOL),,,,,$32.00,0,$0.00
7.50184E+12,,,SULFADIAZINA DE PLATA (ARGENTAL) CREMA 1.0 %,,,,,$34.56,0,$0.00
7.503E+12,,,SULFAMETOXAZOL / TRIMETOPRIMA (BACTIVER) 200MG /40MG / 5ML C/ 120ML,,,,,$19.54,0,$0.00
75016944,,,SULINDACO ( CLISON ) TABLETA 200MG C/20,,,,,$52.96,0,$0.00
7.50147E+12,,,SULINDACO ( RENIDAC )   200MG C/CON 20 TABLETAS,,,,,$45.22,0,$0.00
7.503E+12,,,SULIZOL ( MACROGOL ) POLVO 105.00 GR C/4,,,,,$121.31,0,$0.00
7.50223E+12,,,SUMATRIPTAN ( FERMIG ) TABLETAS 100 MG  C/4,,,,,$87.24,0,$0.00
7.50223E+12,,,SUMATRIPTAN (FERMIG) TAB 50mg C/4,,,,,$32.29,0,$0.00
7.50223E+12,,,SUMATRIPTAN (FERMING) 100 MG C/ 2 TABS,,,,,$54.00,10,$540.00
7.80083E+11,,,SUMATRIPTAN (TEBEGRAN) TABLETA 100MG C/2,,,,,$51.72,0,$0.00
7.50223E+12,,,SUMATRIPTAN TAB 50MG,,,,,$43.56,0,$0.00
7.50224E+12,,,SUPLEMENTO ALIMENTICIO ( PAZ-OB ) CAPSULAS 0.850G C/30,,,,,$401.00,0,$0.00
7.50201E+12,,,SUPLEMENTO ALIMENTICIO (ANIMALIN C) 80 TABLETAS MASTICABLES DE 480MG C/U,,,,,$24.44,0,$0.00
7.50223E+12,,,SUPLEMENTO ALIMENTICIO (ROCAVIT PLATINUM) CAPS C/30,,,,,$119.24,5,$596.20
7.50301E+12,,,SUPLEMENTO ALIMENTICIO EN POLVO ( NATUREX ) MALTEADA CHOCOLATE 500G,,,,,$142.30,0,$0.00
7.50301E+12,,,SUPLEMENTO ALIMENTICIO EN POLVO ( PROTE FORTE ) MALTEADA FRESA 500G,,,,,$142.30,0,$0.00
7.50226E+12,,,SUPLEMENTO ALIMENTICIO TE VERDE ( CARBAOX ) CAPS 595MG C/60,,,,,$40.44,0,$0.00
7.14908E+11,,,SUPLEMENTO ALIMENTICIO VEGANO ( ALFALFA ) CAPS 620MG C/60,,,,,$145.13,0,$0.00
7.14908E+11,,,SUPLEMENTO ALIMENTICIO VEGANO ( BROCOLI ) CAP 620MG C/30,,,,,$76.02,0,$0.00
7.14908E+11,,,SUPLEMENTO ALIMENTICIO VEGANO ( KALE ) CAP 630MG C/30,,,,,$85.24,0,$0.00
SUTURACHICA,,,SUTURA CHICA 1-5 PUNTOS,,,,,$114.55,0,$0.00
SUTUTRAGRAN,,,SUTURA GRANDE MAS DE 11 PUNTOS,,,,,$119.71,0,$0.00
SUTURAMEDIA,,,SUTURA MEDIANA 6-10 PUNTOS,,,,,$119.71,0,$0.00
7.50126E+12,,,SUTURA NYLON 3-0 (MONOFILAMENTO),,,,,$51.94,0,$0.00
7.50014E+12,,,SUTURA NYLON 3-0 19MM,,,,,$49.36,0,$0.00
7.50014E+12,,,SUTURA NYLON 4-0,,,,,$70.00,0,$0.00
7.50157E+12,,,SUTURA NYLON 4-0 (AMERICAN SUTURE),,,,,$27.27,0,$0.00
7.50157E+12,,,SUTURA NYLON 5-0,,,,,$26.77,0,$0.00
2849,,,T3 Libre,,,,,$180.00,0,$0.00
284,,,T3Total,,,,,$180.00,0,$0.00
280,,,T4 LIBRE,,,,,$150.00,0,$0.00
T4Total02,,,T4 TOTAL,,,,,$190.00,0,$0.00
7.50162E+12,,,TAMARRICO,,,,,$1.00,0,$0.00
6.3413E+11,,,TAMBORINES,,,,,$0.45,0,$0.00
7.50223E+12,,,TAMSOLUSINA ( HIPEBE) CAPSULA 0.4 MH C/20,,,,,$36.86,0,$0.00
7.50221E+12,,,TAMSULOSINA  ( ALPHALOCK ) CAPSULA 0.4 MG C/20,,,,,$36.58,0,$0.00
7.50223E+12,,,TAMSULOSINA ( ALPHARMA ) CAP 0.4 MG C / 20,,,,,$34.48,0,$0.00
7.50221E+12,,,TAMSULOSINA ( AVIVIA ) CAPSULAS 0.4MG C/20,,,,,$45.73,0,$0.00
7.50223E+12,,,TAMSULOSINA ( FEDPROS ) CAPSULAS 0.4MG C/20,,,,,$43.41,0,$0.00
7.50102E+12,,,TAMSULOSINA (TATSOCAP) CAPSULAS 0.4 MG C/20,,,,,$34.45,0,$0.00
7.50305E+12,,,TAMSULOSINA 0.4 MG CAPSULA (AVIVIA),,,,,$45.73,0,$0.00
4.0019E+12,,,TEGADERM FILM,,,,,$8.61,0,$0.00
1.00707E+14,,,TEGADERM FLIM,,,,,$10.41,250,"$2,602.50"
7.50301E+12,,,TELA ADHESIVA (LOMAC) 2.5 CM X 1 MT,,,,,$9.57,0,$0.00
7.50105E+12,,,TELA ADHESIVA MICROPOROSA2.5 X 5 PROTEC,,,,,$12.27,0,$0.00
7.50105E+12,,,TELA ADHESIVA QUIRURGICA DE SEDA (PROTEC) 2.5CM X 10M,,,,,$38.86,0,$0.00
7.50135E+12,,,TELMISARTAN ( AMSA ) TAB 80 MG,,,,,$50.24,0,$0.00
7.50135E+12,,,TELMISARTAN ( AMSA ) TABLETA 40MG C/14,,,,,$42.47,0,$0.00
7.50108E+12,,,TELMISARTAN ( NATRAZIM ) 40 MG CAJA C/28,,,,,$50.50,0,$0.00
7.50108E+12,,,TELMISARTAN ( NATRAZIM ) TAB 40 MG C 14,,,,,$27.67,0,$0.00
7.50108E+12,,,TELMISARTAN ( NATRAZIM ) TABLETA 40 MG C/30,,,,,$49.39,0,$0.00
7.50135E+12,,,TELMISARTAN (AMSA) TABLETA 80 MG C/14,,,,,$24.83,0,$0.00
7.50135E+12,,,TELMISARTAN (AMSA) TABLETAS 40 MG,,,,,$31.03,0,$0.00
7.50108E+12,,,TELMISARTAN (NATRAZIM) TABLETAS 80 MG C/28,,,,,$55.17,0,$0.00
7.50108E+12,,,TELMISARTAN (NOVAG) TABLETAS 80 MG C/14,,,,,$29.41,0,$0.00
7.50135E+12,,,TELMISARTAN / HIDROCLOROTIAZIDA 80 MG / 12.5 MG,,,,,$63.31,0,$0.00
7.50135E+12,,,TELMISARTAN / HIDROCLOROTIAZIDA 80 MG / 25 MG TAB (AMSA),,,,,$108.00,0,$0.00
7.50201E+12,,,TENESCAN V ( CLOTRIMAZOL) CREMA 2 % C/100 G,,,,,$31.68,0,$0.00
7.50221E+12,,,TERBINAFINA ( ERBITRAX ) CREMA 1G/100G C/15,,,,,$22.53,5,$112.65
7.50221E+12,,,TERBINAFINA ( ERBITRAX-T ) CAPSULAS 250MG CON 28,,,,,$118.50,4,$474.00
7.80083E+11,,,TERBINAFINA ( HUDICLOR ) CREMA  1%,,,,,$22.47,0,$0.00
7.50221E+12,,,TERBINAFINA ( MEGAMED ) TAB 200mg,,,,,$54.69,0,$0.00
7.502E+12,,,TERBINAFINA ( RIXOBA ) 1% CREMA,,,,,$23.60,0,$0.00
7.503E+12,,,TERBINAFINA ( ZONCONAX ) SPRAY SOL 1% C/30ML,,,,,$31.06,0,$0.00
7.50223E+12,,,TERBINAFINA (ALPHARMA) SOLUCION FRASCO CON ATOMIZADOR 30 ML,,,,,$31.95,0,$0.00
7.50221E+12,,,TERBINAFINA (ERBITRAX) CREMA 1G/100G 30 MG,,,,,$28.83,0,$0.00
7.50221E+12,,,TERBINAFINA (ERBITRAX-T) TABLETA 250MG C/7,,,,,$60.92,0,$0.00
7.50221E+12,,,TERFHICID NITROFURANTOINA (100 MG) 40 CAP,,,,,$53.33,0,$0.00
4.719E+14,,,TERMOMETRO DIGITAL,,,,,$41.06,0,$0.00
7.50602E+12,,,TERMOMETRO DIGITAL,,,,,$73.82,0,$0.00
4.719E+12,,,TERMOMETRO DIGITAL (MICROLIFE),,,,,$54.45,5,$272.25
7.50602E+12,,,TERMOMETRO DIGITAL FLEXIBLE,,,,,$60.00,0,$0.00
4.719E+12,,,TERMOMETRO DIGITAL INFRAROJO (MICROLIFE),,,,,$605.74,0,$0.00
516,,,TERMOMETRO DIGITAL M,,,,,$64.93,0,$0.00
66822881,,,TESTOSTERONA LIBRE,,,,,$255.00,0,$0.00
6682287,,,TESTOSTERONA TOTAL,,,,,$255.00,0,$0.00
7.50147E+12,,,TIAMAZOL ( TIAROTEC ) TABLETAS 5 MG C/20,,,,,$33.43,0,$0.00
6682290,,,TIEMPO DE SANGRADO,,,,,$20.00,0,$0.00
1002,,,TIEMPO DE TROMBOPLASTINA PARCIAL ACTIVADA ( TTPa ),,,,,$130.00,0,$0.00
6682291,,,TIEMPO PARCIAL DE TROMBOPLASTINA (TTP),,,,,$75.00,0,$0.00
6682288,,,TIEMPOS DE COAGULACION,,,,,$145.00,0,$0.00
6682289,,,TIEMPOS DE PROTROMBINA (TP) INR,,,,,$75.00,0,$0.00
IM12-12,,,TIJERA LITAHUER 14,,,,,$125.28,0,$0.00
3009,,,TIJERA MAYO CURVA 23 CM HP,,,,,$320.79,0,$0.00
M12-63,,,TIJERA USO RUDO NEGRA HOME CARE,,,,,$47.50,0,$0.00
7.03885E+11,,,TILIKO,,,,,$1.60,0,$0.00
4.01563E+12,,,TIRA REACTIVA,,,,,$5.88,0,$0.00
7.50046E+12,,,TIRA REACTIVA ACTIVE,,,,,$4.12,0,$0.00
7.50046E+12,,,TIRA REACTIVA INSTAN,,,,,$5.24,100,$524.00
4.01563E+12,,,TIRA REACTIVA PERFORMA ACCU-CHECK,,,,,$5.27,100,$527.00
L291,,,TIROGLOBULINA,,,,,$260.00,0,$0.00
3.75064E+13,,,TOALLA INTERDOBLADA,,,,,$350.88,0,$0.00
7.50105E+12,,,TOALLITAS CON ALCOHOL  (PROTRC),,,,,$36.49,0,$0.00
7.80083E+11,,,TOBRAMICINA ( CONTYCOL ) SOLUCIÓN 0.3%,,,,,$23.60,0,$0.00
8400007087,,,TOBRAMICINA (LAB GRIN) SOLUCION  OFTALMICA 3.0 MG/ML C/15ML,,,,,$62.64,0,$0.00
75050740,,,TOBRAMICINA (OPKO) SOL. OFTALMICA 3MG/ML C/1 CON 15ML,,,,,$68.78,0,$0.00
8400005823,,,TOBRAMICINA / DEXAMETASONA (GRIN) GTS OFT 3MG-1MG/ML C/5ML,,,,,$51.78,0,$0.00
7.502E+12,,,TOBRAMICINA / DEXAMETASONA (SON'SSIMET) GTS OFTALMICAS 3.00 MG 1.00 MG / ML,,,,,$68.97,0,$0.00
75050795,,,TOBRAMICINA/DEXAMETASONA (OPKO) UNGUENTO OFTALMICO 3MG-1MG/G,,,,,$50.48,0,$0.00
7.503E+12,,,TOCOFERSOLAN ( REVITARE ) CAPS 400 MG C/30,,,,,$31.64,0,$0.00
7.50201E+12,,,TOLTERODINA (JANIA) TAB 2 MG,,,,,$70.00,0,$0.00
SERVICIO 8,,,TOMA DE BIOPSIA CHICA,,,,,$290.50,0,$0.00
SERVICIO 10,,,TOMA DE BIOPSIA GRANDE,,,,,$871.50,0,$0.00
SERVICIO 9,,,TOMA DE BIOPSIA MEDIANA,,,,,$456.50,0,$0.00
SINSIN47032,,,TOMOGRAFIA ABDOMEN COMPLETO,,,,,"$1,805.00",0,$0.00
SINSIN71768,,,TOMOGRAFIA ABDOMEN COMPLETO CON CONTRASTE,,,,,"$2,470.00",0,$0.00
SINSIN66158,,,TOMOGRAFIA ABDOMEN INFERIOR,,,,,"$1,377.50",0,$0.00
SINSIN87599,,,TOMOGRAFIA ABDOMEN INFERIOR CON CONTRASTE,,,,,"$2,280.00",0,$0.00
SINSIN14816,,,TOMOGRAFIA ABDOMEN SUPERIOR,,,,,"$1,377.50",0,$0.00
SERSAN49380,,,TOMOGRAFIA ABDOMEN SUPERIOR CON CONTRASTE,,,,,"$2,280.00",0,$0.00
SINSIN38628,,,TOMOGRAFIA ANTEBRAZO,,,,,"$1,377.50",0,$0.00
SINSIN18220,,,TOMOGRAFIA ANTEBRAZO CON CONTRASTE,,,,,"$2,280.00",0,$0.00
SERSAN87567,,,TOMOGRAFIA ARTICULACION TEMPOROMANDIBULAR,,,,,"$1,377.50",0,$0.00
SINSIN66212,,,TOMOGRAFIA ARTICULACION TEMPOROMANDIBULAR CON ,,,,,"$2,280.00",0,$0.00
,,,CONTRASTE,,,,,,,
SINSIN80837,,,TOMOGRAFIA BRAZO,,,,,"$1,377.50",0,$0.00
SERSAN98424,,,TOMOGRAFIA BRAZO CON CONTRASTE,,,,,"$2,280.00",0,$0.00
SINSIN21062,,,TOMOGRAFIA CADERA,,,,,"$1,377.50",0,$0.00
SERSAN74604,,,TOMOGRAFIA CADERA CON CONTRASTE,,,,,"$2,280.00",0,$0.00
SINSIN45904,,,TOMOGRAFIA CARA,,,,,"$1,377.50",0,$0.00
SINSIN22635,,,TOMOGRAFIA CARA CON CONTRASTE,,,,,"$2,280.00",0,$0.00
SINSIN86831,,,TOMOGRAFIA CODO,,,,,"$1,377.50",0,$0.00
SERSAN54763,,,TOMOGRAFIA CODO CON CONTRASTE,,,,,"$2,280.00",0,$0.00
SERSAN61014,,,TOMOGRAFIA COLON,,,,,"$1,377.50",0,$0.00
SERSAN60276,,,TOMOGRAFIA COLON CON CONTRASTE,,,,,"$2,280.00",0,$0.00
SINSIN82072,,,TOMOGRAFIA COLUMNA CERVICAL,,,,,"$1,377.50",0,$0.00
SERSAN33001,,,TOMOGRAFIA COLUMNA CERVICAL CON CONTRASTE,,,,,"$2,280.00",0,$0.00
SERSAN86199,,,TOMOGRAFIA COLUMNA DORSAL,,,,,"$1,377.50",0,$0.00
SERSAN22605,,,TOMOGRAFIA COLUMNA DORSAL CON CONTRASTE,,,,,"$2,280.00",0,$0.00
SINSIN27911,,,TOMOGRAFIA COLUMNA LUMBAR,,,,,"$1,377.50",0,$0.00
SINSIN40778,,,TOMOGRAFIA COLUMNA LUMBAR CON CONTRASTE,,,,,"$2,280.00",0,$0.00
SINSIN72354,,,TOMOGRAFIA CRANEO,,,,,"$1,377.50",0,$0.00
SERSAN60660,,,TOMOGRAFIA CRANEO CON CONTRASTE,,,,,"$2,280.00",0,$0.00
SINSIN93922,,,TOMOGRAFIA CUELLO,,,,,"$1,377.50",0,$0.00
SERSAN38027,,,TOMOGRAFIA CUELLO CON CONTRASTE,,,,,"$2,280.00",0,$0.00
SERSAN46058,,,TOMOGRAFIA EXTREMIDADES,,,,,"$1,377.50",0,$0.00
SINSIN17302,,,TOMOGRAFIA EXTREMIDADES CON CONTRASTE,,,,,"$2,280.00",0,$0.00
SINSIN89549,,,TOMOGRAFIA EXTREMIDADES INFERIORES,,,,,"$1,377.50",0,$0.00
SERSAN34034,,,TOMOGRAFIA EXTREMIDADES INFERIORES CON CONTRASTE,,,,,"$2,280.00",0,$0.00
SINSIN87297,,,TOMOGRAFIA EXTREMIDADES SUPERIORES,,,,,"$1,377.50",0,$0.00
SINSIN88963,,,TOMOGRAFIA EXTREMIDADES SUPERIORES CON CONTRASTE,,,,,"$2,280.00",0,$0.00
SERSAN25458,,,TOMOGRAFIA HOMBRO,,,,,"$1,377.50",0,$0.00
SERSAN87706,,,TOMOGRAFIA HOMBRO CON CONTRASTE,,,,,"$2,280.00",0,$0.00
SINSIN69561,,,TOMOGRAFIA MANO,,,,,"$1,377.50",0,$0.00
SINSIN43493,,,TOMOGRAFIA MANO CON CONTRASTE,,,,,"$2,280.00",0,$0.00
SINSIN59624,,,TOMOGRAFIA MEDIASTINO,,,,,"$1,377.50",0,$0.00
SERSAN96514,,,TOMOGRAFIA MEDIASTINO CON CONTRASTE,,,,,"$2,280.00",0,$0.00
SINSIN24033,,,TOMOGRAFIA MUÑECA,,,,,"$1,377.50",0,$0.00
SERSAN76850,,,TOMOGRAFIA MUÑECA CON CONTRASTE,,,,,"$2,280.00",0,$0.00
SINSIN42703,,,TOMOGRAFIA MUSLO,,,,,"$1,377.50",0,$0.00
SINSIN26401,,,TOMOGRAFIA MUSLO CON CONTRASTE,,,,,"$2,280.00",0,$0.00
SERSAN95266,,,TOMOGRAFIA NARIZ Y SENOS PARANASALES,,,,,"$1,377.50",0,$0.00
SERSAN34044,,,TOMOGRAFIA NARIZ Y SENOS PARANASALES CON CONTRASTE,,,,,"$2,280.00",0,$0.00
SERSAN39567,,,TOMOGRAFIA OIDO,,,,,"$1,377.50",0,$0.00
SERSAN19462,,,TOMOGRAFIA OIDO CON CONTRASTE,,,,,"$2,280.00",0,$0.00
SINSIN66408,,,TOMOGRAFIA PELVIS,,,,,"$1,377.50",0,$0.00
SERSAN92684,,,TOMOGRAFIA PELVIS CON CONTRASTE,,,,,"$2,280.00",0,$0.00
SINSIN87626,,,TOMOGRAFIA PIE,,,,,"$1,377.50",0,$0.00
SINSIN73510,,,TOMOGRAFIA PIE CON CONTRASTE,,,,,"$2,280.00",0,$0.00
SINSIN48512,,,TOMOGRAFIA PIERNA,,,,,"$1,377.50",0,$0.00
SINSIN13211,,,TOMOGRAFIA PIERNA CON CONTRASTE,,,,,"$2,280.00",0,$0.00
SINSIN93987,,,TOMOGRAFIA RODILLA,,,,,"$1,377.50",0,$0.00
SERSAN60028,,,TOMOGRAFIA RODILLA CON CONTRASTE,,,,,"$2,280.00",0,$0.00
SERSAN10641,,,TOMOGRAFIA TOBILLO,,,,,"$1,377.50",0,$0.00
SERSAN75558,,,TOMOGRAFIA TOBILLO CON CONTRASTE,,,,,"$2,280.00",0,$0.00
SINSIN14496,,,TOMOGRAFIA TORAX,,,,,"$1,377.50",0,$0.00
SERSAN82840,,,TOMOGRAFIA TORAX CON CONTRASTE,,,,,"$2,280.00",0,$0.00
SERSAN98259,,,TOMOGRAFIA TORAX Y ABDOMEN CON CONTRASTE IV U ORAL,,,,,"$3,800.00",0,$0.00
SINSIN87066,,,TOMOGRAFIA TORAX Y ABDOMEN CON CONTRASTE IV Y ORAL,,,,,"$4,275.00",0,$0.00
7.50114E+12,,,TORNIQUETE ( MEDIMETRICS ),,,,,$26.10,0,$0.00
7.59684E+11,,,TORUNDA ALGODON 500 GR JALOMA,,,,,$86.45,21,"$1,815.45"
7.503E+12,,,TORUNDA ALGODON 500 GR QUIRMEX,,,,,$123.69,0,$0.00
7.50157E+12,,,TORUNDAS DE ALGODON (GALIA) BOLSA C/500G,,,,,$101.53,0,$0.00
7.50105E+12,,,TORUNDAS DE ALGODON NO ESTERIL/ 1000P,,,,,$89.98,0,$0.00
7.25743E+11,,,TRAMADOL ( ADIOLOL ) CAPSULAS 50 MG,,,,,$18.95,0,$0.00
7.50184E+12,,,TRAMADOL ( GENCATROL ) CÁPSULAS  50 MG C/10,,,,,$19.94,0,$0.00
7.50225E+12,,,TRAMADOL ( NOXVATEL )  100MG/2ML SOL INY C/5,,,,,$31.21,0,$0.00
7.50184E+12,,,TRAMADOL (GENCATROL RTD) 100 MG TABLETA C/10,,,,,$41.53,0,$0.00
7.50184E+12,,,TRAMADOL (GENCATROL) 50MG,,,,,$67.14,20,"$1,342.80"
7.50633E+12,,,TRAMADOL / PARACETAMOL ( AUDOR ) TABLETA 37.5MG / 325MG C/20,,,,,$26.20,0,$0.00
7.50108E+12,,,TRAMADOL / PARACETAMOL ( CLOTRACEMY ) TABLETAS 37.5 MG/325 MG C/20,,,,,$35.08,0,$0.00
7.50108E+12,,,TRAMADOL / PARACETAMOL ( CLOTRACEMY ) TABLETAS 37.5 MG/325 MG C/20,,,,,$32.44,0,$0.00
7.50222E+12,,,TRAMADOL / PARACETAMOL ( KALEQUIM ) TABLETAS 325MG / 37.5MG C/20,,,,,$30.18,0,$0.00
7.50201E+12,,,TRAMADOL / PARACETAMOL ( MAVER ) TABLETA 37.5 MG - 325 MG C/20,,,,,$25.84,0,$0.00
7.50201E+12,,,TRAMADOL / PARACETAMOL (SANZADOLL DUO) 325MG / 37.5MG C/20,,,,,$36.20,0,$0.00
7.50135E+12,,,TRAMADOL INYECTABLE (AMSA) C/5 AMP.,,,,,$35.75,12,$429.00
6682293,,,TRANSAMINASA GLUTAMICO OXALACETICA (TGO O AST),,,,,$50.00,0,$0.00
6682294,,,TRANSAMINASA GLUTAMICO PIRUVICA (TGP O ALT),,,,,$50.00,0,$0.00
SINSIN28183,,,TRANSITO INTESTINAL,,,,,"$1,600.00",0,$0.00
70200739582,,,TRANSPORE ( 3M )  2.5 CM C / 12-3 M,,,,,$24.88,66,"$1,642.08"
TRAPEADOR,,,TRAPEADOR,,,,,$145.00,0,$0.00
AMBULANCIA 1,,,TRASLADO BASICO DE AMBULANCIA,,,,,$900.00,0,$0.00
AMBULANCIA 2,,,TRASLADO DE URGENCIA AMBULANCIA,,,,,"$1,800.00",0,$0.00
7.50221E+12,,,"TRIBEDOCE 100MG,5MG, 50 MCG C/30 TABLETAS",,,,,$19.78,0,$0.00
7.50154E+12,,,"TRIBEDOCE DX COMPLEJO B, LIDOCAINA, DEXAMETASONA",,,,,$61.51,5,$307.55
6682296,,,TRIGLICERIDOS,,,,,$55.00,0,$0.00
7.85119E+11,,,TRIMEBUTINA  (DOLBUTIN) TABLETAS 200MG/30,,,,,$61.45,0,$0.00
7.50184E+12,,,TRIMEBUTINA ( CINEPRAC ) TAB 200 MG C/20,,,,,$41.78,20,$835.60
7.50183E+12,,,TRIMEBUTINA ( ESPABION ) SUSPENSIÓN GOTAS PEDIATRICAS 2.0G/100ML,,,,,$24.84,8,$198.72
7.50183E+12,,,TRIMEBUTINA ( ESPABION ) TABLETAS 200MG CON 40 TAB,,,,,$91.95,0,$0.00
7.50183E+12,,,TRIMEBUTINA (ESPABION) SUSPENSION C/100ML,,,,,$54.38,50,"$2,719.00"
7.50183E+12,,,TRIMEBUTINA (TRIMEBUTINA) 200MG CON 20 TABLETAS,,,,,$55.02,0,$0.00
7.503E+12,,,TRIMETOPRIM / SULFAMETOXAZOL (BACTIVER) TAB 160/800,,,,,$18.82,10,$188.20
7.503E+12,,,TRIMETOPRIMA / SULFAMETOXAZOL ( BACTIVER ) TAB 400/80 C/20,,,,,$15.88,35,$555.80
7.502E+12,,,"TRIMETOPRIMA / SULFAMETOXAZOL ( BACTOPRIN ) TABLETAS 160MG, 800MG C/14",,,,,$22.71,0,$0.00
7.50221E+12,,,TRIMETOPRIMA / SULFAMETOXAZOL ( BATERAL ) SUSPENSION 0.8OG / 4.0G C/120ML,,,,,$14.63,0,$0.00
7.50154E+12,,,TRIMETOPRIMA / SULFAMETOXAZOL ( SOLTRIM ) TABLETAS 160 MG- 800MG,,,,,$16.85,0,$0.00
7.503E+12,,,TRIMETOPRIMA / SULFAMETOXAZOL (ALPHARMA) SUSPENSION 120 ML,,,,,$20.50,0,$0.00
7.502E+12,,,"TRIMETOPRIMA / SULFAMETOXAZOL (BACTROPIN) SUSPENSION 40MG,200MG/5ML C/120ML",,,,,$23.67,30,$710.10
7.502E+12,,,TRIMETOPRIMA / SULFAMETOXAZOL (BACTROPIN) TAB 80/400 C/20,,,,,$18.78,0,$0.00
7.503E+12,,,TRIMETOPRIMA / SULFAMETOXAZOL (THRIAZOL-S) SUSPENSION 120 ML,,,,,$20.50,0,$0.00
7.50154E+12,,,TRIMETOPRIMA / SULFAMETOXAZOL SUSPENSION (SOLTRIM) 40MG/200MG/5ML C/120 ML,,,,,$13.48,0,$0.00
297,,,TROPONINA I,,,,,$400.00,0,$0.00
7.50106E+12,,,TUTSI POP,,,,,$2.80,0,$0.00
6682297,,,UREA,,,,,$35.00,0,$0.00
SINSIN77641,,,URO TAC,,,,,"$1,377.50",0,$0.00
SERSAN67239,,,URO TAC CON CONTRASTE,,,,,"$2,280.00",0,$0.00
6682327,,,UROBILINOGENO EN HECES,,,,,$30.00,0,$0.00
6682298,,,UROCULTIVO,,,,,$300.00,0,$0.00
SINSIN57317,,,UROGRAFIA,,,,,"$1,600.00",0,$0.00
6.19659E+11,,,USB 16GB,,,,,$70.00,0,$0.00
6682299,,,V.D.R.L. (LUETICAS),,,,,$45.00,0,$0.00
VALORACIÓN,,,VALORACIÓN MEDICA COMPLETA,,,,,$200.00,0,$0.00
PRE-OPE,,,VALORACIÓN PRE OPERATORIA,,,,,$500.00,0,$0.00
7.50201E+12,,,VALSARTAN ( VERSALVER ) COMP 80 MG C/30,,,,,$57.08,0,$0.00
7.50201E+13,,,VALSARTAN ( VERSALVER ) COMP 80MG C/30,,,,,$57.08,0,$0.00
7.70999E+12,,,VANCOMICINA ( VITALIS ) SOLUCION 500 MG INYECTABLE,,,,,$51.95,0,$0.00
7.36211E+11,,,VASO ESTERIL,,,,,$1.16,0,$0.00
7.93889E+11,,,VASO ESTERIL ( PLASTICWORLD),,,,,$3.25,0,$0.00
8.22383E+11,,,VASO HUMIDIFICADOR DE BURBUJAS CON VÁLVULA DE SEGURIDAD,,,,,$125.00,0,$0.00
7.64451E+11,,,VASO RECOLECTOR DE ORINA,,,,,$2.67,389,"$1,038.63"
7.50156E+12,,,VASO RECOLECTOR ESTERIL 100 ML,,,,,$2.60,0,$0.00
2748,,,VENDA 15CM GYPSONA,,,,,$11.14,0,$0.00
7.29513E+11,,,VENDA DE ALTA COMPRESION,,,,,$77.49,0,$0.00
7.29513E+11,,,VENDA DE ALTA COMPRESION ( LE ROY ) 7.5 CM X 5 M,,,,,$100.92,0,$0.00
7.50105E+12,,,VENDA DE YESO (PROTEC) 5 CM,,,,,$16.41,0,$0.00
4.04281E+12,,,VENDA DE YESO 10CM,,,,,$15.58,0,$0.00
7.50157E+12,,,VENDA DE YESO 10CM GALIA,,,,,$22.33,0,$0.00
7.503E+12,,,VENDA DE YESO 10CM GYPSONA,,,,,$15.58,0,$0.00
7.50105E+12,,,VENDA DE YESO 10CM PROTEC,,,,,$14.73,18,$265.14
7.50105E+12,,,VENDA DE YESO 15 CM,,,,,$25.47,0,$0.00
4.04281E+12,,,VENDA DE YESO 5CM,,,,,$21.30,0,$0.00
7.503E+12,,,VENDA DE YESO 5CM GYPSONA,,,,,$21.30,0,$0.00
7.50105E+12,,,VENDA ELASTICA ( PROTEC ) 10CM X 5 M,,,,,$9.27,0,$0.00
7.503E+12,,,VENDA ELASTICA ( QUIRMEX ) 30CM,,,,,$23.54,0,$0.00
7.503E+12,,,VENDA ELASTICA ( QUIRMEX ) 7.5 CM,,,,,$8.14,0,$0.00
7.50105E+12,,,VENDA ELASTICA (PROTEC ) 15 CM,,,,,$12.40,0,$0.00
7.50105E+12,,,VENDA ELASTICA (PROTEC) 30CM,,,,,$21.61,0,$0.00
7.503E+12,,,VENDA ELASTICA 10 CM,,,,,$9.69,0,$0.00
7.50632E+12,,,VENDA ELASTICA 10 CM,,,,,$6.68,0,$0.00
7.29513E+11,,,VENDA ELASTICA 10 CM ( IDEAL ),,,,,$9.43,0,$0.00
7.50632E+12,,,VENDA ELASTICA 15 CM (CURATEX),,,,,$12.25,0,$0.00
7.50105E+12,,,VENDA ELASTICA 25X5 PROTEC,,,,,$25.00,0,$0.00
7.50632E+12,,,VENDA ELASTICA 30 CM,,,,,$10.00,0,$0.00
7.50105E+12,,,VENDA ELASTICA 5 CM,,,,,$5.00,25,$125.00
7.503E+12,,,VENDA ELASTICA 5 CM,,,,,$6.76,0,$0.00
7.29513E+11,,,VENDA ELASTICA 5 CM (IDEAL),,,,,$4.93,0,$0.00
7.50632E+12,,,VENDA ELASTICA DE 5 CM,,,,,$4.59,0,$0.00
4.04281E+12,,,VENDA ENY DE GASA ( GYPSONA ) 7.5 X2.75 MT,,,,,$45.47,0,$0.00
4.04281E+12,,,VENDA ENYESADA ( GYPSONA S ) 15CM X 2.75 M,,,,,$65.30,0,$0.00
7.50602E+12,,,VENDA ENYESADA ( SENSIMEDICAL) 5CM X 2.75 M,,,,,$35.99,0,$0.00
7.50157E+12,,,VENDA ENYESADA (GALIA) 15 CM,,,,,$27.68,0,$0.00
7.70214E+12,,,VENDITAS ADHESIVAS,,,,,$0.31,0,$0.00
7.50201E+12,,,VENLAFAXINA (LINEXEL) 75 MG C/20 CAP,,,,,$59.57,0,$0.00
7.85121E+11,,,VENOXIL TAB C/60 75 MG (CINARIZINA),,,,,$41.26,0,$0.00
7.50221E+12,,,VITAMINA A/D/E/C/B (LAFHALIX-KIT) SOL INY PEDIATRICO,,,,,$173.28,0,$0.00
L303,,,VITAMINA B12 ( COBALAMINA ),,,,,$340.00,0,$0.00
7.50222E+12,,,VITAMINA C Y EXTRACTO DE ARANDANO ( QUIMPHARMA ) TABLETA MASTICABLE  250MG/5MG,,,,,$82.43,0,$0.00
304,,,VITAMINA D (25 Hidroxicolecalciferol),,,,,$635.00,0,$0.00
9999,,,VITAMINA D3,,,,,"$1,300.00",0,$0.00
7.50185E+12,,,VITAMINA D3 ( NATURAL HEALTH ) CAPSULAS 5000 UI 180MG C/100,,,,,$113.39,0,$0.00
7.50148E+12,,,VITAMINA E 400 MG CAPSULAS (E-FERTOC),,,,,$30.57,0,$0.00
7.50183E+12,,,"VITAMINAS A , D Y C. (VI-DEA-C) SOLUCIÓN INFANTIL GOTAS.",,,,,$21.30,0,$0.00
7.50223E+12,,,VITAMINAS P/DIABETICOS ( ANAVIT) CAPSULA C/ 30,,,,,$44.20,0,$0.00
6682300,,,VSG (velocidad de sedimentacion globular),,,,,$45.00,0,$0.00
6682303,,,WESTER BLOT (CONFIRMATORIO VIH),,,,,"$2,800.00",0,$0.00
7.54178E+11,,,WINIS CEREZA,,,,,$1.77,0,$0.00
7.54178E+11,,,WINIS LIMON,,,,,$1.77,0,$0.00
7.54178E+11,,,WINIS NARANJA,,,,,$1.77,0,$0.00
141020,,,WINIS SABORES,,,,,$1.43,0,$0.00
7.54178E+11,,,WINIS UVA,,,,,$1.77,0,$0.00
7.50226E+12,,,X TRA C SOBRES AZUCAR,,,,,$32.13,0,$0.00
7.80083E+11,,,XENOPIR GEL C/ 10 SOBRES 10 ML. 80 -10 MG/ 1ML,,,,,$57.96,0,$0.00
7.50163E+12,,,YODO POLIVINIL PIRRILIDONA ( GERMISIN ESPUMA ) 1LT.,,,,,$153.00,0,$0.00
7.50172E+12,,,YODOPOVIDONA ( ECODINE-S ) ANTISEPTICO C/120ML,,,,,$27.84,0,$0.00
6.3742E+11,,,YODOPOVIDONA ( SOLVIN ) 120 ML SOL. ANTICEPTICA,,,,,$32.30,0,$0.00
6.3742E+11,,,YODOPOVIDONA ESPUMA (SOLVIN) SOL. ANTISEPTICA,,,,,$36.89,0,$0.00
L99999,,,ZINC EN SUERO,,,,,$450.00,0,$0.00
7.50631E+12,,,ZOLMITRIPTANO ( BRAINZOL ) 2.5 MG TAB C / 2,,,,,$25.88,3,$77.64
7.50201E+12,,,ZOLMITRIPTANO ( MAGOZ ) TABLETA 2.5 MG,,,,,$35.39,0,$0.00